Date,Time,Truth,Distance,St Dev,Successes,Attempts,RSSI(range),RTT(range),RSSI(scan),RTT(scan),Frequency,CenterFreq0,CenterFreq1,BW,Standard,BSSID,SSID,
2023-12-14,09-18-18.174,*,0,0,0,0,0,0,-40,1,5745,5775,0,80,11ac,70:3a:cb:8d:fe:3e,"ayushidrawsablank",
2023-12-14,09-21-33.066,0.5,3.769,0.616,10,31,-53,1,-40,1,5745,5775,0,80,11ac,70:3a:cb:8d:fe:3e,"ayushidrawsablank",
2023-12-14,09-18-18.174,*,0,0,0,0,0,0,-40,1,5745,5775,0,80,11ac,70:3a:cb:8d:fe:3e,"ayushidrawsablank",
2023-12-14,09-21-33.400,0.5,2.66,0.23,6,31,-57,1,-40,1,5745,5775,0,80,11ac,70:3a:cb:8d:fe:3e,"ayushidrawsablank",
2023-12-14,09-21-33.581,0.5,3.265,0.091,9,31,-55,1,-40,1,5745,5775,0,80,11ac,70:3a:cb:8d:fe:3e,"ayushidrawsablank",
2023-12-14,09-21-33.749,0.5,2.301,0.36,12,31,-54,1,-40,1,5745,5775,0,80,11ac,70:3a:cb:8d:fe:3e,"ayushidrawsablank",
2023-12-14,09-21-33.908,0.5,3.112,0.145,12,31,-56,1,-40,1,5745,5775,0,80,11ac,70:3a:cb:8d:fe:3e,"ayushidrawsablank",
2023-12-14,09-21-34.080,0.5,3.218,0.383,13,31,-59,1,-40,1,5745,5775,0,80,11ac,70:3a:cb:8d:fe:3e,"ayushidrawsablank",
2023-12-14,09-21-34.264,0.5,4.225,0.296,11,31,-57,1,-40,1,5745,5775,0,80,11ac,70:3a:cb:8d:fe:3e,"ayushidrawsablank",
2023-12-14,09-21-34.429,0.5,4.242,0.229,14,31,-55,1,-40,1,5745,5775,0,80,11ac,70:3a:cb:8d:fe:3e,"ayushidrawsablank",
2023-12-14,09-21-34.600,0.5,3.792,0.184,12,31,-57,1,-40,1,5745,5775,0,80,11ac,70:3a:cb:8d:fe:3e,"ayushidrawsablank",
2023-12-14,09-21-34.774,0.5,4.021,0.108,11,31,-59,1,-40,1,5745,5775,0,80,11ac,70:3a:cb:8d:fe:3e,"ayushidrawsablank",
2023-12-14,09-21-34.947,0.5,3.284,0.397,11,31,-60,1,-40,1,5745,5775,0,80,11ac,70:3a:cb:8d:fe:3e,"ayushidrawsablank",
2023-12-14,09-21-35.125,0.5,4.176,0.604,7,31,-58,1,-40,1,5745,5775,0,80,11ac,70:3a:cb:8d:fe:3e,"ayushidrawsablank",
2023-12-14,09-21-35.298,0.5,3.543,0.085,12,31,-59,1,-40,1,5745,5775,0,80,11ac,70:3a:cb:8d:fe:3e,"ayushidrawsablank",
2023-12-14,09-18-18.174,*,0,0,0,0,0,0,-40,1,5745,5775,0,80,11ac,70:3a:cb:8d:fe:3e,"ayushidrawsablank",
2023-12-14,09-21-35.651,0.5,3.621,0.14,12,31,-57,1,-40,1,5745,5775,0,80,11ac,70:3a:cb:8d:fe:3e,"ayushidrawsablank",
2023-12-14,09-21-35.819,0.5,3.203,0.095,11,31,-59,1,-40,1,5745,5775,0,80,11ac,70:3a:cb:8d:fe:3e,"ayushidrawsablank",
2023-12-14,09-21-35.988,0.5,3.106,0.133,12,31,-59,1,-40,1,5745,5775,0,80,11ac,70:3a:cb:8d:fe:3e,"ayushidrawsablank",
2023-12-14,09-21-36.155,0.5,3.173,0.42,13,31,-58,1,-40,1,5745,5775,0,80,11ac,70:3a:cb:8d:fe:3e,"ayushidrawsablank",
2023-12-14,09-21-36.328,0.5,3.106,0.439,12,31,-59,1,-40,1,5745,5775,0,80,11ac,70:3a:cb:8d:fe:3e,"ayushidrawsablank",
2023-12-14,09-21-36.489,0.5,2.876,0.151,5,31,-60,1,-40,1,5745,5775,0,80,11ac,70:3a:cb:8d:fe:3e,"ayushidrawsablank",
2023-12-14,09-21-36.657,0.5,2.851,0.145,12,31,-58,1,-40,1,5745,5775,0,80,11ac,70:3a:cb:8d:fe:3e,"ayushidrawsablank",
2023-12-14,09-21-36.830,0.5,2.852,0.069,12,31,-57,1,-40,1,5745,5775,0,80,11ac,70:3a:cb:8d:fe:3e,"ayushidrawsablank",
2023-12-14,09-21-37.008,0.5,2.956,0.153,12,31,-59,1,-40,1,5745,5775,0,80,11ac,70:3a:cb:8d:fe:3e,"ayushidrawsablank",
2023-12-14,09-21-37.177,0.5,2.94,0.098,12,31,-58,1,-40,1,5745,5775,0,80,11ac,70:3a:cb:8d:fe:3e,"ayushidrawsablank",
2023-12-14,09-21-37.355,0.5,2.946,0.082,9,31,-57,1,-40,1,5745,5775,0,80,11ac,70:3a:cb:8d:fe:3e,"ayushidrawsablank",
2023-12-14,09-21-37.525,0.5,3.321,0.455,12,31,-59,1,-40,1,5745,5775,0,80,11ac,70:3a:cb:8d:fe:3e,"ayushidrawsablank",
2023-12-14,09-21-37.696,0.5,3.248,0.567,14,31,-57,1,-40,1,5745,5775,0,80,11ac,70:3a:cb:8d:fe:3e,"ayushidrawsablank",
2023-12-14,09-21-37.876,0.5,3.209,0.207,12,31,-58,1,-40,1,5745,5775,0,80,11ac,70:3a:cb:8d:fe:3e,"ayushidrawsablank",
2023-12-14,09-21-38.036,0.5,3.361,1.641,12,31,-59,1,-40,1,5745,5775,0,80,11ac,70:3a:cb:8d:fe:3e,"ayushidrawsablank",
2023-12-14,09-21-38.210,0.5,3.2,0.16,12,31,-58,1,-40,1,5745,5775,0,80,11ac,70:3a:cb:8d:fe:3e,"ayushidrawsablank",
2023-12-14,09-21-38.380,0.5,3.356,0.112,12,31,-58,1,-40,1,5745,5775,0,80,11ac,70:3a:cb:8d:fe:3e,"ayushidrawsablank",
2023-12-14,09-21-38.548,0.5,3.226,0.079,10,31,-59,1,-40,1,5745,5775,0,80,11ac,70:3a:cb:8d:fe:3e,"ayushidrawsablank",
2023-12-14,09-21-38.736,0.5,3.015,0.142,12,31,-58,1,-40,1,5745,5775,0,80,11ac,70:3a:cb:8d:fe:3e,"ayushidrawsablank",
2023-12-14,09-21-38.913,0.5,3.21,0.372,11,31,-59,1,-40,1,5745,5775,0,80,11ac,70:3a:cb:8d:fe:3e,"ayushidrawsablank",
2023-12-14,09-21-39.095,0.5,3.126,0.078,12,31,-58,1,-40,1,5745,5775,0,80,11ac,70:3a:cb:8d:fe:3e,"ayushidrawsablank",
2023-12-14,09-18-18.175,*,0,0,0,0,0,0,-40,1,5745,5775,0,80,11ac,70:3a:cb:8d:fe:3e,"ayushidrawsablank",
2023-12-14,09-21-39.411,0.5,3.254,0.568,14,31,-54,1,-40,1,5745,5775,0,80,11ac,70:3a:cb:8d:fe:3e,"ayushidrawsablank",
2023-12-14,09-21-39.588,0.5,3.219,0.155,9,31,-55,1,-40,1,5745,5775,0,80,11ac,70:3a:cb:8d:fe:3e,"ayushidrawsablank",
2023-12-14,09-21-39.763,0.5,3.044,0.084,12,31,-58,1,-40,1,5745,5775,0,80,11ac,70:3a:cb:8d:fe:3e,"ayushidrawsablank",
2023-12-14,09-21-39.923,0.5,2.981,0.163,11,31,-57,1,-40,1,5745,5775,0,80,11ac,70:3a:cb:8d:fe:3e,"ayushidrawsablank",
2023-12-14,09-21-40.096,0.5,3.022,0.175,10,31,-59,1,-40,1,5745,5775,0,80,11ac,70:3a:cb:8d:fe:3e,"ayushidrawsablank",
2023-12-14,09-21-40.262,0.5,3.079,0.132,11,31,-58,1,-40,1,5745,5775,0,80,11ac,70:3a:cb:8d:fe:3e,"ayushidrawsablank",
2023-12-14,09-21-40.437,0.5,2.979,0.073,13,31,-58,1,-40,1,5745,5775,0,80,11ac,70:3a:cb:8d:fe:3e,"ayushidrawsablank",
2023-12-14,09-21-40.606,0.5,3.633,0.707,14,31,-58,1,-40,1,5745,5775,0,80,11ac,70:3a:cb:8d:fe:3e,"ayushidrawsablank",
2023-12-14,09-21-40.810,0.5,2.981,0.063,12,31,-59,1,-40,1,5745,5775,0,80,11ac,70:3a:cb:8d:fe:3e,"ayushidrawsablank",
2023-12-14,09-21-40.986,0.5,3.39,0.506,14,31,-58,1,-40,1,5745,5775,0,80,11ac,70:3a:cb:8d:fe:3e,"ayushidrawsablank",
2023-12-14,09-21-41.166,0.5,3.039,0.071,13,31,-57,1,-40,1,5745,5775,0,80,11ac,70:3a:cb:8d:fe:3e,"ayushidrawsablank",
2023-12-14,09-21-41.333,0.5,3.369,0.632,14,31,-58,1,-40,1,5745,5775,0,80,11ac,70:3a:cb:8d:fe:3e,"ayushidrawsablank",
2023-12-14,09-21-41.515,0.5,3.239,0.962,8,31,-59,1,-40,1,5745,5775,0,80,11ac,70:3a:cb:8d:fe:3e,"ayushidrawsablank",
2023-12-14,09-21-41.682,0.5,3.073,0.052,11,31,-59,1,-40,1,5745,5775,0,80,11ac,70:3a:cb:8d:fe:3e,"ayushidrawsablank",
2023-12-14,09-21-41.867,0.5,3.096,0.124,11,31,-58,1,-40,1,5745,5775,0,80,11ac,70:3a:cb:8d:fe:3e,"ayushidrawsablank",
2023-12-14,09-21-42.034,0.5,3.304,0.562,11,31,-59,1,-40,1,5745,5775,0,80,11ac,70:3a:cb:8d:fe:3e,"ayushidrawsablank",
2023-12-14,09-21-42.206,0.5,3.088,0.168,11,31,-58,1,-40,1,5745,5775,0,80,11ac,70:3a:cb:8d:fe:3e,"ayushidrawsablank",
2023-12-14,09-21-42.377,0.5,3.12,0.148,11,31,-56,1,-40,1,5745,5775,0,80,11ac,70:3a:cb:8d:fe:3e,"ayushidrawsablank",
2023-12-14,09-21-42.552,0.5,3.332,0.055,12,31,-57,1,-40,1,5745,5775,0,80,11ac,70:3a:cb:8d:fe:3e,"ayushidrawsablank",
2023-12-14,09-21-42.724,0.5,3.25,0.163,11,31,-59,1,-40,1,5745,5775,0,80,11ac,70:3a:cb:8d:fe:3e,"ayushidrawsablank",
2023-12-14,09-21-42.891,0.5,2.944,0.149,12,31,-58,1,-40,1,5745,5775,0,80,11ac,70:3a:cb:8d:fe:3e,"ayushidrawsablank",
2023-12-14,09-21-43.064,0.5,3.343,0.866,5,31,-56,1,-40,1,5745,5775,0,80,11ac,70:3a:cb:8d:fe:3e,"ayushidrawsablank",
2023-12-14,09-21-43.228,0.5,3.559,0.594,6,31,-57,1,-40,1,5745,5775,0,80,11ac,70:3a:cb:8d:fe:3e,"ayushidrawsablank",
2023-12-14,09-21-43.408,0.5,2.964,0.12,13,31,-58,1,-40,1,5745,5775,0,80,11ac,70:3a:cb:8d:fe:3e,"ayushidrawsablank",
2023-12-14,09-21-43.589,0.5,2.605,0.052,11,31,-57,1,-40,1,5745,5775,0,80,11ac,70:3a:cb:8d:fe:3e,"ayushidrawsablank",
2023-12-14,09-21-43.766,0.5,3.288,0.201,9,31,-57,1,-40,1,5745,5775,0,80,11ac,70:3a:cb:8d:fe:3e,"ayushidrawsablank",
2023-12-14,09-21-43.943,0.5,3.354,0.09,12,31,-58,1,-40,1,5745,5775,0,80,11ac,70:3a:cb:8d:fe:3e,"ayushidrawsablank",
2023-12-14,09-21-44.115,0.5,4.092,0.144,10,31,-56,1,-40,1,5745,5775,0,80,11ac,70:3a:cb:8d:fe:3e,"ayushidrawsablank",
2023-12-14,09-21-44.285,0.5,2.736,0.263,12,31,-57,1,-40,1,5745,5775,0,80,11ac,70:3a:cb:8d:fe:3e,"ayushidrawsablank",
2023-12-14,09-21-44.449,0.5,2.642,0.373,13,31,-58,1,-40,1,5745,5775,0,80,11ac,70:3a:cb:8d:fe:3e,"ayushidrawsablank",
2023-12-14,09-21-44.630,0.5,2.963,0.292,7,31,-60,1,-40,1,5745,5775,0,80,11ac,70:3a:cb:8d:fe:3e,"ayushidrawsablank",
2023-12-14,09-21-44.806,0.5,2.855,0.012,4,31,-59,1,-40,1,5745,5775,0,80,11ac,70:3a:cb:8d:fe:3e,"ayushidrawsablank",
2023-12-14,09-21-44.982,0.5,3.622,0.412,10,31,-60,1,-40,1,5745,5775,0,80,11ac,70:3a:cb:8d:fe:3e,"ayushidrawsablank",
2023-12-14,09-21-45.148,0.5,3.017,0.22,8,31,-57,1,-40,1,5745,5775,0,80,11ac,70:3a:cb:8d:fe:3e,"ayushidrawsablank",
2023-12-14,09-21-45.335,0.5,3.684,0.674,9,31,-55,1,-40,1,5745,5775,0,80,11ac,70:3a:cb:8d:fe:3e,"ayushidrawsablank",
2023-12-14,09-21-45.505,0.5,3.092,0.57,10,31,-55,1,-40,1,5745,5775,0,80,11ac,70:3a:cb:8d:fe:3e,"ayushidrawsablank",
2023-12-14,09-21-45.667,0.5,2.492,0.087,12,31,-57,1,-40,1,5745,5775,0,80,11ac,70:3a:cb:8d:fe:3e,"ayushidrawsablank",
2023-12-14,09-21-45.852,0.5,2.467,0.34,14,31,-57,1,-40,1,5745,5775,0,80,11ac,70:3a:cb:8d:fe:3e,"ayushidrawsablank",
2023-12-14,09-21-46.018,0.5,2.349,0.149,10,31,-58,1,-40,1,5745,5775,0,80,11ac,70:3a:cb:8d:fe:3e,"ayushidrawsablank",
2023-12-14,09-21-46.188,0.5,2.393,0.137,9,31,-56,1,-40,1,5745,5775,0,80,11ac,70:3a:cb:8d:fe:3e,"ayushidrawsablank",
2023-12-14,09-21-46.359,0.5,2.513,0.213,8,31,-58,1,-40,1,5745,5775,0,80,11ac,70:3a:cb:8d:fe:3e,"ayushidrawsablank",
2023-12-14,09-21-46.536,0.5,2.565,0.091,12,31,-56,1,-40,1,5745,5775,0,80,11ac,70:3a:cb:8d:fe:3e,"ayushidrawsablank",
2023-12-14,09-21-46.707,0.5,2.557,0.45,12,31,-58,1,-40,1,5745,5775,0,80,11ac,70:3a:cb:8d:fe:3e,"ayushidrawsablank",
2023-12-14,09-21-46.880,0.5,2.23,0.066,11,31,-57,1,-40,1,5745,5775,0,80,11ac,70:3a:cb:8d:fe:3e,"ayushidrawsablank",
2023-12-14,09-21-47.046,0.5,2.283,0.141,12,31,-57,1,-40,1,5745,5775,0,80,11ac,70:3a:cb:8d:fe:3e,"ayushidrawsablank",
2023-12-14,09-21-47.216,0.5,2.703,0.323,6,31,-55,1,-40,1,5745,5775,0,80,11ac,70:3a:cb:8d:fe:3e,"ayushidrawsablank",
2023-12-14,09-21-47.391,0.5,2.403,0.138,12,31,-55,1,-40,1,5745,5775,0,80,11ac,70:3a:cb:8d:fe:3e,"ayushidrawsablank",
2023-12-14,09-21-47.559,0.5,2.51,0.16,12,31,-57,1,-40,1,5745,5775,0,80,11ac,70:3a:cb:8d:fe:3e,"ayushidrawsablank",
2023-12-14,09-21-47.717,0.5,2.597,0.124,11,31,-56,1,-40,1,5745,5775,0,80,11ac,70:3a:cb:8d:fe:3e,"ayushidrawsablank",
2023-12-14,09-21-47.901,0.5,2.824,0.471,7,31,-55,1,-40,1,5745,5775,0,80,11ac,70:3a:cb:8d:fe:3e,"ayushidrawsablank",
2023-12-14,09-21-48.062,0.5,2.688,0.34,14,31,-56,1,-40,1,5745,5775,0,80,11ac,70:3a:cb:8d:fe:3e,"ayushidrawsablank",
2023-12-14,09-21-48.230,0.5,2.581,0.047,12,31,-56,1,-40,1,5745,5775,0,80,11ac,70:3a:cb:8d:fe:3e,"ayushidrawsablank",
2023-12-14,09-21-48.403,0.5,2.696,0.483,12,31,-56,1,-40,1,5745,5775,0,80,11ac,70:3a:cb:8d:fe:3e,"ayushidrawsablank",
2023-12-14,09-21-48.574,0.5,2.721,0.436,14,31,-56,1,-40,1,5745,5775,0,80,11ac,70:3a:cb:8d:fe:3e,"ayushidrawsablank",
2023-12-14,09-21-48.743,0.5,2.546,0.398,12,31,-56,1,-40,1,5745,5775,0,80,11ac,70:3a:cb:8d:fe:3e,"ayushidrawsablank",
2023-12-14,09-21-48.920,0.5,2.559,0.429,11,31,-55,1,-40,1,5745,5775,0,80,11ac,70:3a:cb:8d:fe:3e,"ayushidrawsablank",
2023-12-14,09-21-49.095,0.5,2.529,0.123,12,31,-55,1,-40,1,5745,5775,0,80,11ac,70:3a:cb:8d:fe:3e,"ayushidrawsablank",
2023-12-14,09-21-49.269,0.5,2.596,0.571,13,31,-56,1,-40,1,5745,5775,0,80,11ac,70:3a:cb:8d:fe:3e,"ayushidrawsablank",
2023-12-14,09-21-49.447,0.5,2.217,0.151,10,31,-56,1,-40,1,5745,5775,0,80,11ac,70:3a:cb:8d:fe:3e,"ayushidrawsablank",
2023-12-14,09-21-49.622,0.5,2.243,0.063,12,31,-57,1,-40,1,5745,5775,0,80,11ac,70:3a:cb:8d:fe:3e,"ayushidrawsablank",
2023-12-14,09-21-49.794,0.5,2.843,0.574,13,31,-57,1,-40,1,5745,5775,0,80,11ac,70:3a:cb:8d:fe:3e,"ayushidrawsablank",
2023-12-14,09-21-49.966,0.5,2.295,0.092,13,31,-57,1,-40,1,5745,5775,0,80,11ac,70:3a:cb:8d:fe:3e,"ayushidrawsablank",
2023-12-14,09-21-50.142,0.5,2.569,0.555,9,31,-57,1,-40,1,5745,5775,0,80,11ac,70:3a:cb:8d:fe:3e,"ayushidrawsablank",
2023-12-14,09-21-50.320,0.5,2.734,0.792,9,31,-56,1,-40,1,5745,5775,0,80,11ac,70:3a:cb:8d:fe:3e,"ayushidrawsablank",
2023-12-14,09-21-50.489,0.5,2.557,0.44,10,31,-57,1,-40,1,5745,5775,0,80,11ac,70:3a:cb:8d:fe:3e,"ayushidrawsablank",
2023-12-14,09-21-50.672,0.5,2.856,0.645,12,31,-56,1,-40,1,5745,5775,0,80,11ac,70:3a:cb:8d:fe:3e,"ayushidrawsablank",
2023-12-14,09-21-50.849,0.5,2.818,0.664,12,31,-58,1,-40,1,5745,5775,0,80,11ac,70:3a:cb:8d:fe:3e,"ayushidrawsablank",
2023-12-14,09-21-51.038,0.5,2.467,0.069,11,31,-53,1,-40,1,5745,5775,0,80,11ac,70:3a:cb:8d:fe:3e,"ayushidrawsablank",
2023-12-14,09-21-51.206,0.5,2.598,0.406,12,31,-54,1,-40,1,5745,5775,0,80,11ac,70:3a:cb:8d:fe:3e,"ayushidrawsablank",
2023-12-14,09-18-18.174,*,0,0,0,0,0,0,-40,1,5745,5775,0,80,11ac,70:3a:cb:8d:fe:3e,"ayushidrawsablank",
2023-12-14,09-21-51.561,0.5,2.748,0.531,14,31,-56,1,-40,1,5745,5775,0,80,11ac,70:3a:cb:8d:fe:3e,"ayushidrawsablank",
2023-12-14,09-21-51.729,0.5,2.358,0.094,13,31,-55,1,-40,1,5745,5775,0,80,11ac,70:3a:cb:8d:fe:3e,"ayushidrawsablank",
2023-12-14,09-18-18.175,*,0,0,0,0,0,0,-40,1,5745,5775,0,80,11ac,70:3a:cb:8d:fe:3e,"ayushidrawsablank",
2023-12-14,09-21-52.095,0.5,2.391,0.108,11,31,-55,1,-40,1,5745,5775,0,80,11ac,70:3a:cb:8d:fe:3e,"ayushidrawsablank",
2023-12-14,09-21-52.260,0.5,2.4,0.103,10,31,-57,1,-40,1,5745,5775,0,80,11ac,70:3a:cb:8d:fe:3e,"ayushidrawsablank",
2023-12-14,09-21-52.444,0.5,2.505,0.05,12,31,-55,1,-40,1,5745,5775,0,80,11ac,70:3a:cb:8d:fe:3e,"ayushidrawsablank",
2023-12-14,09-21-52.618,0.5,2.529,0.157,12,31,-55,1,-40,1,5745,5775,0,80,11ac,70:3a:cb:8d:fe:3e,"ayushidrawsablank",
2023-12-14,09-21-52.788,0.5,2.766,0.237,12,31,-57,1,-40,1,5745,5775,0,80,11ac,70:3a:cb:8d:fe:3e,"ayushidrawsablank",
2023-12-14,09-21-52.958,0.5,2.93,0.5,12,31,-56,1,-40,1,5745,5775,0,80,11ac,70:3a:cb:8d:fe:3e,"ayushidrawsablank",
2023-12-14,09-21-53.135,0.5,2.69,0.077,13,31,-56,1,-40,1,5745,5775,0,80,11ac,70:3a:cb:8d:fe:3e,"ayushidrawsablank",
2023-12-14,09-21-53.298,0.5,2.768,0.411,13,31,-55,1,-40,1,5745,5775,0,80,11ac,70:3a:cb:8d:fe:3e,"ayushidrawsablank",
2023-12-14,09-21-53.469,0.5,2.603,0.133,11,31,-56,1,-40,1,5745,5775,0,80,11ac,70:3a:cb:8d:fe:3e,"ayushidrawsablank",
2023-12-14,09-21-53.644,0.5,2.843,0.12,6,31,-57,1,-40,1,5745,5775,0,80,11ac,70:3a:cb:8d:fe:3e,"ayushidrawsablank",
2023-12-14,09-21-53.814,0.5,2.959,0.582,11,31,-57,1,-40,1,5745,5775,0,80,11ac,70:3a:cb:8d:fe:3e,"ayushidrawsablank",
2023-12-14,09-21-53.989,0.5,2.854,0.097,11,31,-55,1,-40,1,5745,5775,0,80,11ac,70:3a:cb:8d:fe:3e,"ayushidrawsablank",
2023-12-14,09-21-54.158,0.5,2.563,0.169,13,31,-56,1,-40,1,5745,5775,0,80,11ac,70:3a:cb:8d:fe:3e,"ayushidrawsablank",
2023-12-14,09-21-54.331,0.5,2.67,0.069,11,31,-57,1,-40,1,5745,5775,0,80,11ac,70:3a:cb:8d:fe:3e,"ayushidrawsablank",
2023-12-14,09-21-54.504,0.5,2.836,0.3,13,31,-56,1,-40,1,5745,5775,0,80,11ac,70:3a:cb:8d:fe:3e,"ayushidrawsablank",
2023-12-14,09-21-54.673,0.5,2.73,0.21,14,31,-57,1,-40,1,5745,5775,0,80,11ac,70:3a:cb:8d:fe:3e,"ayushidrawsablank",
2023-12-14,09-21-54.842,0.5,2.77,0.033,9,31,-57,1,-40,1,5745,5775,0,80,11ac,70:3a:cb:8d:fe:3e,"ayushidrawsablank",
2023-12-14,09-21-55.013,0.5,2.614,0.025,9,31,-56,1,-40,1,5745,5775,0,80,11ac,70:3a:cb:8d:fe:3e,"ayushidrawsablank",
2023-12-14,09-21-55.195,0.5,2.711,0.498,13,31,-56,1,-40,1,5745,5775,0,80,11ac,70:3a:cb:8d:fe:3e,"ayushidrawsablank",
2023-12-14,09-21-55.361,0.5,2.471,0.113,11,31,-57,1,-40,1,5745,5775,0,80,11ac,70:3a:cb:8d:fe:3e,"ayushidrawsablank",
2023-12-14,09-21-55.529,0.5,2.719,0.412,14,31,-55,1,-40,1,5745,5775,0,80,11ac,70:3a:cb:8d:fe:3e,"ayushidrawsablank",
2023-12-14,09-21-55.703,0.5,2.428,0.072,5,31,-56,1,-40,1,5745,5775,0,80,11ac,70:3a:cb:8d:fe:3e,"ayushidrawsablank",
2023-12-14,09-21-55.876,0.5,2.38,0.066,11,31,-57,1,-40,1,5745,5775,0,80,11ac,70:3a:cb:8d:fe:3e,"ayushidrawsablank",
2023-12-14,09-21-56.039,0.5,2.524,0.117,11,31,-56,1,-40,1,5745,5775,0,80,11ac,70:3a:cb:8d:fe:3e,"ayushidrawsablank",
2023-12-14,09-21-56.220,0.5,2.745,0.575,13,31,-56,1,-40,1,5745,5775,0,80,11ac,70:3a:cb:8d:fe:3e,"ayushidrawsablank",
2023-12-14,09-21-56.392,0.5,2.741,0.549,11,31,-57,1,-40,1,5745,5775,0,80,11ac,70:3a:cb:8d:fe:3e,"ayushidrawsablank",
2023-12-14,09-21-56.559,0.5,2.826,0.547,7,31,-57,1,-40,1,5745,5775,0,80,11ac,70:3a:cb:8d:fe:3e,"ayushidrawsablank",
2023-12-14,09-18-18.174,*,0,0,0,0,0,0,-40,1,5745,5775,0,80,11ac,70:3a:cb:8d:fe:3e,"ayushidrawsablank",
2023-12-14,09-21-56.913,0.5,2.552,0.026,4,31,-54,1,-40,1,5745,5775,0,80,11ac,70:3a:cb:8d:fe:3e,"ayushidrawsablank",
2023-12-14,09-21-57.082,0.5,2.385,0.12,9,31,-57,1,-40,1,5745,5775,0,80,11ac,70:3a:cb:8d:fe:3e,"ayushidrawsablank",
2023-12-14,09-21-57.256,0.5,2.652,0.502,10,31,-56,1,-40,1,5745,5775,0,80,11ac,70:3a:cb:8d:fe:3e,"ayushidrawsablank",
2023-12-14,09-21-57.526,0.5,2.551,0.408,10,31,-57,1,-40,1,5745,5775,0,80,11ac,70:3a:cb:8d:fe:3e,"ayushidrawsablank",
2023-12-14,09-21-57.697,0.5,2.665,0.472,8,31,-55,1,-40,1,5745,5775,0,80,11ac,70:3a:cb:8d:fe:3e,"ayushidrawsablank",
2023-12-14,09-21-57.862,0.5,2.504,0.079,11,31,-56,1,-40,1,5745,5775,0,80,11ac,70:3a:cb:8d:fe:3e,"ayushidrawsablank",
2023-12-14,09-21-58.034,0.5,2.478,0.169,11,31,-57,1,-40,1,5745,5775,0,80,11ac,70:3a:cb:8d:fe:3e,"ayushidrawsablank",
2023-12-14,09-21-58.213,0.5,2.634,0.556,12,31,-56,1,-40,1,5745,5775,0,80,11ac,70:3a:cb:8d:fe:3e,"ayushidrawsablank",
2023-12-14,09-21-58.387,0.5,2.414,0.084,10,31,-57,1,-40,1,5745,5775,0,80,11ac,70:3a:cb:8d:fe:3e,"ayushidrawsablank",
2023-12-14,09-21-58.560,0.5,2.376,0.049,5,31,-54,1,-40,1,5745,5775,0,80,11ac,70:3a:cb:8d:fe:3e,"ayushidrawsablank",
2023-12-14,09-21-58.737,0.5,2.359,0.275,9,31,-57,1,-40,1,5745,5775,0,80,11ac,70:3a:cb:8d:fe:3e,"ayushidrawsablank",
2023-12-14,09-21-58.915,0.5,2.809,0.578,10,31,-57,1,-40,1,5745,5775,0,80,11ac,70:3a:cb:8d:fe:3e,"ayushidrawsablank",
2023-12-14,09-21-59.085,0.5,2.481,0.052,12,31,-56,1,-40,1,5745,5775,0,80,11ac,70:3a:cb:8d:fe:3e,"ayushidrawsablank",
2023-12-14,09-21-59.257,0.5,2.455,0.069,11,31,-57,1,-40,1,5745,5775,0,80,11ac,70:3a:cb:8d:fe:3e,"ayushidrawsablank",
2023-12-14,09-21-59.425,0.5,2.567,0.117,10,31,-57,1,-40,1,5745,5775,0,80,11ac,70:3a:cb:8d:fe:3e,"ayushidrawsablank",
2023-12-14,09-21-59.592,0.5,2.453,0.066,11,31,-56,1,-40,1,5745,5775,0,80,11ac,70:3a:cb:8d:fe:3e,"ayushidrawsablank",
2023-12-14,09-21-59.769,0.5,2.364,0.179,10,31,-57,1,-40,1,5745,5775,0,80,11ac,70:3a:cb:8d:fe:3e,"ayushidrawsablank",
2023-12-14,09-21-59.935,0.5,2.555,0.537,11,31,-56,1,-40,1,5745,5775,0,80,11ac,70:3a:cb:8d:fe:3e,"ayushidrawsablank",
2023-12-14,09-22-00.102,0.5,2.734,0.577,13,31,-57,1,-40,1,5745,5775,0,80,11ac,70:3a:cb:8d:fe:3e,"ayushidrawsablank",
2023-12-14,09-22-00.280,0.5,2.931,0.57,11,31,-57,1,-40,1,5745,5775,0,80,11ac,70:3a:cb:8d:fe:3e,"ayushidrawsablank",
2023-12-14,09-22-00.446,0.5,2.544,0.068,10,31,-57,1,-40,1,5745,5775,0,80,11ac,70:3a:cb:8d:fe:3e,"ayushidrawsablank",
2023-12-14,09-22-00.624,0.5,2.651,0.563,11,31,-54,1,-40,1,5745,5775,0,80,11ac,70:3a:cb:8d:fe:3e,"ayushidrawsablank",
2023-12-14,09-22-00.803,0.5,2.304,0.039,6,31,-56,1,-40,1,5745,5775,0,80,11ac,70:3a:cb:8d:fe:3e,"ayushidrawsablank",
2023-12-14,09-22-00.978,0.5,2.61,0.473,13,31,-56,1,-40,1,5745,5775,0,80,11ac,70:3a:cb:8d:fe:3e,"ayushidrawsablank",
2023-12-14,09-22-01.145,0.5,2.529,0.028,12,31,-57,1,-40,1,5745,5775,0,80,11ac,70:3a:cb:8d:fe:3e,"ayushidrawsablank",
2023-12-14,09-22-01.321,0.5,2.434,0.087,11,31,-57,1,-40,1,5745,5775,0,80,11ac,70:3a:cb:8d:fe:3e,"ayushidrawsablank",
2023-12-14,09-22-01.485,0.5,2.716,0.355,12,31,-56,1,-40,1,5745,5775,0,80,11ac,70:3a:cb:8d:fe:3e,"ayushidrawsablank",
2023-12-14,09-22-01.664,0.5,2.724,0.642,13,31,-57,1,-40,1,5745,5775,0,80,11ac,70:3a:cb:8d:fe:3e,"ayushidrawsablank",
2023-12-14,09-22-01.836,0.5,2.811,0.526,11,31,-56,1,-40,1,5745,5775,0,80,11ac,70:3a:cb:8d:fe:3e,"ayushidrawsablank",
2023-12-14,09-22-02.013,0.5,2.624,0.168,10,31,-57,1,-40,1,5745,5775,0,80,11ac,70:3a:cb:8d:fe:3e,"ayushidrawsablank",
2023-12-14,09-22-02.182,0.5,2.683,0.392,13,31,-56,1,-40,1,5745,5775,0,80,11ac,70:3a:cb:8d:fe:3e,"ayushidrawsablank",
2023-12-14,09-22-02.358,0.5,2.491,0.168,12,31,-56,1,-40,1,5745,5775,0,80,11ac,70:3a:cb:8d:fe:3e,"ayushidrawsablank",
2023-12-14,09-22-02.531,0.5,2.415,0.072,12,31,-57,1,-40,1,5745,5775,0,80,11ac,70:3a:cb:8d:fe:3e,"ayushidrawsablank",
2023-12-14,09-22-02.695,0.5,2.685,0.572,13,31,-56,1,-40,1,5745,5775,0,80,11ac,70:3a:cb:8d:fe:3e,"ayushidrawsablank",
2023-12-14,09-22-02.853,0.5,2.808,0.589,12,31,-57,1,-40,1,5745,5775,0,80,11ac,70:3a:cb:8d:fe:3e,"ayushidrawsablank",
2023-12-14,09-22-03.030,0.5,2.659,0.433,11,31,-55,1,-40,1,5745,5775,0,80,11ac,70:3a:cb:8d:fe:3e,"ayushidrawsablank",
2023-12-14,09-22-03.199,0.5,2.663,0.397,13,31,-56,1,-40,1,5745,5775,0,80,11ac,70:3a:cb:8d:fe:3e,"ayushidrawsablank",
2023-12-14,09-22-03.365,0.5,2.536,0.11,12,31,-56,1,-40,1,5745,5775,0,80,11ac,70:3a:cb:8d:fe:3e,"ayushidrawsablank",
2023-12-14,09-22-03.541,0.5,2.488,0.106,11,31,-57,1,-40,1,5745,5775,0,80,11ac,70:3a:cb:8d:fe:3e,"ayushidrawsablank",
2023-12-14,09-22-03.705,0.5,2.497,0.054,11,31,-56,1,-40,1,5745,5775,0,80,11ac,70:3a:cb:8d:fe:3e,"ayushidrawsablank",
2023-12-14,09-22-03.875,0.5,2.727,0.365,12,31,-57,1,-40,1,5745,5775,0,80,11ac,70:3a:cb:8d:fe:3e,"ayushidrawsablank",
2023-12-14,09-22-04.036,0.5,2.478,0.089,10,31,-57,1,-40,1,5745,5775,0,80,11ac,70:3a:cb:8d:fe:3e,"ayushidrawsablank",
2023-12-14,09-22-04.194,0.5,2.373,0.057,8,31,-57,1,-40,1,5745,5775,0,80,11ac,70:3a:cb:8d:fe:3e,"ayushidrawsablank",
2023-12-14,09-22-04.367,0.5,2.59,0.151,11,31,-57,1,-40,1,5745,5775,0,80,11ac,70:3a:cb:8d:fe:3e,"ayushidrawsablank",
2023-12-14,09-22-04.559,0.5,2.455,0.143,9,31,-57,1,-40,1,5745,5775,0,80,11ac,70:3a:cb:8d:fe:3e,"ayushidrawsablank",
2023-12-14,09-22-04.729,0.5,2.503,0.087,6,31,-56,1,-40,1,5745,5775,0,80,11ac,70:3a:cb:8d:fe:3e,"ayushidrawsablank",
2023-12-14,09-22-04.902,0.5,2.635,0.554,11,31,-57,1,-40,1,5745,5775,0,80,11ac,70:3a:cb:8d:fe:3e,"ayushidrawsablank",
2023-12-14,09-22-05.073,0.5,2.364,0.04,9,31,-56,1,-40,1,5745,5775,0,80,11ac,70:3a:cb:8d:fe:3e,"ayushidrawsablank",
2023-12-14,09-22-05.240,0.5,2.438,0.042,11,31,-57,1,-40,1,5745,5775,0,80,11ac,70:3a:cb:8d:fe:3e,"ayushidrawsablank",
2023-12-14,09-22-05.410,0.5,2.592,0.444,12,31,-57,1,-40,1,5745,5775,0,80,11ac,70:3a:cb:8d:fe:3e,"ayushidrawsablank",
2023-12-14,09-22-05.580,0.5,2.732,0.483,12,31,-57,1,-40,1,5745,5775,0,80,11ac,70:3a:cb:8d:fe:3e,"ayushidrawsablank",
2023-12-14,09-22-05.754,0.5,2.735,0.432,12,31,-56,1,-40,1,5745,5775,0,80,11ac,70:3a:cb:8d:fe:3e,"ayushidrawsablank",
2023-12-14,09-22-05.922,0.5,2.374,0.027,7,31,-56,1,-40,1,5745,5775,0,80,11ac,70:3a:cb:8d:fe:3e,"ayushidrawsablank",
2023-12-14,09-22-06.101,0.5,2.587,0.369,13,31,-56,1,-40,1,5745,5775,0,80,11ac,70:3a:cb:8d:fe:3e,"ayushidrawsablank",
2023-12-14,09-22-06.279,0.5,2.365,0.147,11,31,-57,1,-40,1,5745,5775,0,80,11ac,70:3a:cb:8d:fe:3e,"ayushidrawsablank",
2023-12-14,09-22-06.451,0.5,2.632,0.42,13,31,-57,1,-40,1,5745,5775,0,80,11ac,70:3a:cb:8d:fe:3e,"ayushidrawsablank",
2023-12-14,09-22-06.622,0.5,2.812,0.636,12,31,-57,1,-40,1,5745,5775,0,80,11ac,70:3a:cb:8d:fe:3e,"ayushidrawsablank",
2023-12-14,09-22-06.797,0.5,2.447,0.072,11,31,-57,1,-40,1,5745,5775,0,80,11ac,70:3a:cb:8d:fe:3e,"ayushidrawsablank",
2023-12-14,09-22-06.966,0.5,2.785,0.124,10,31,-58,1,-40,1,5745,5775,0,80,11ac,70:3a:cb:8d:fe:3e,"ayushidrawsablank",
2023-12-14,09-22-07.148,0.5,2.891,0.385,8,31,-56,1,-40,1,5745,5775,0,80,11ac,70:3a:cb:8d:fe:3e,"ayushidrawsablank",
2023-12-14,09-22-07.327,0.5,2.551,0.158,10,31,-58,1,-40,1,5745,5775,0,80,11ac,70:3a:cb:8d:fe:3e,"ayushidrawsablank",
2023-12-14,09-22-07.494,0.5,2.548,0.107,12,31,-59,1,-40,1,5745,5775,0,80,11ac,70:3a:cb:8d:fe:3e,"ayushidrawsablank",
2023-12-14,09-22-07.672,0.5,2.459,0.231,12,31,-58,1,-40,1,5745,5775,0,80,11ac,70:3a:cb:8d:fe:3e,"ayushidrawsablank",
2023-12-14,09-22-07.845,0.5,2.664,0.091,8,31,-58,1,-40,1,5745,5775,0,80,11ac,70:3a:cb:8d:fe:3e,"ayushidrawsablank",
2023-12-14,09-22-08.012,0.5,3.14,0.634,11,31,-57,1,-40,1,5745,5775,0,80,11ac,70:3a:cb:8d:fe:3e,"ayushidrawsablank",
2023-12-14,09-22-08.185,0.5,3.147,0.123,11,31,-56,1,-40,1,5745,5775,0,80,11ac,70:3a:cb:8d:fe:3e,"ayushidrawsablank",
2023-12-14,09-22-08.359,0.5,2.96,0.54,14,31,-56,1,-40,1,5745,5775,0,80,11ac,70:3a:cb:8d:fe:3e,"ayushidrawsablank",
2023-12-14,09-22-08.524,0.5,2.791,0.104,11,31,-57,1,-40,1,5745,5775,0,80,11ac,70:3a:cb:8d:fe:3e,"ayushidrawsablank",
2023-12-14,09-22-08.702,0.5,3.136,0.673,13,31,-56,1,-40,1,5745,5775,0,80,11ac,70:3a:cb:8d:fe:3e,"ayushidrawsablank",
2023-12-14,09-22-08.874,0.5,3.105,0.681,12,31,-57,1,-40,1,5745,5775,0,80,11ac,70:3a:cb:8d:fe:3e,"ayushidrawsablank",
2023-12-14,09-22-09.045,0.5,2.881,0.47,11,31,-56,1,-40,1,5745,5775,0,80,11ac,70:3a:cb:8d:fe:3e,"ayushidrawsablank",
2023-12-14,09-22-09.223,0.5,2.876,0.606,12,31,-54,1,-40,1,5745,5775,0,80,11ac,70:3a:cb:8d:fe:3e,"ayushidrawsablank",
2023-12-14,09-22-09.392,0.5,3.096,0.701,5,31,-56,1,-40,1,5745,5775,0,80,11ac,70:3a:cb:8d:fe:3e,"ayushidrawsablank",
2023-12-14,09-22-09.563,0.5,2.972,0.584,14,31,-56,1,-40,1,5745,5775,0,80,11ac,70:3a:cb:8d:fe:3e,"ayushidrawsablank",
2023-12-14,09-22-09.739,0.5,2.764,0.069,12,31,-56,1,-40,1,5745,5775,0,80,11ac,70:3a:cb:8d:fe:3e,"ayushidrawsablank",
2023-12-14,09-22-09.910,0.5,3.045,0.488,11,31,-56,1,-40,1,5745,5775,0,80,11ac,70:3a:cb:8d:fe:3e,"ayushidrawsablank",
2023-12-14,09-22-10.074,0.5,3.013,0.521,14,31,-56,1,-40,1,5745,5775,0,80,11ac,70:3a:cb:8d:fe:3e,"ayushidrawsablank",
2023-12-14,09-22-10.243,0.5,3.086,0.468,14,31,-56,1,-40,1,5745,5775,0,80,11ac,70:3a:cb:8d:fe:3e,"ayushidrawsablank",
2023-12-14,09-22-10.421,0.5,2.899,0.12,10,31,-57,1,-40,1,5745,5775,0,80,11ac,70:3a:cb:8d:fe:3e,"ayushidrawsablank",
2023-12-14,09-22-10.600,0.5,3.013,0.08,12,31,-56,1,-40,1,5745,5775,0,80,11ac,70:3a:cb:8d:fe:3e,"ayushidrawsablank",
2023-12-14,09-22-10.780,0.5,3.246,0.388,13,31,-56,1,-40,1,5745,5775,0,80,11ac,70:3a:cb:8d:fe:3e,"ayushidrawsablank",
2023-12-14,09-22-10.944,0.5,3.368,0.65,10,31,-57,1,-40,1,5745,5775,0,80,11ac,70:3a:cb:8d:fe:3e,"ayushidrawsablank",
2023-12-14,09-22-11.117,0.5,2.929,0.189,13,31,-56,1,-40,1,5745,5775,0,80,11ac,70:3a:cb:8d:fe:3e,"ayushidrawsablank",
2023-12-14,09-22-11.288,0.5,3.038,0.081,12,31,-56,1,-40,1,5745,5775,0,80,11ac,70:3a:cb:8d:fe:3e,"ayushidrawsablank",
2023-12-14,09-22-11.460,0.5,3.319,0.427,13,31,-56,1,-40,1,5745,5775,0,80,11ac,70:3a:cb:8d:fe:3e,"ayushidrawsablank",
2023-12-14,09-22-11.638,0.5,3.232,0.108,12,31,-57,1,-40,1,5745,5775,0,80,11ac,70:3a:cb:8d:fe:3e,"ayushidrawsablank",
2023-12-14,09-22-11.805,0.5,3.43,0.269,12,31,-57,1,-40,1,5745,5775,0,80,11ac,70:3a:cb:8d:fe:3e,"ayushidrawsablank",
2023-12-14,09-22-11.984,0.5,3.261,0.063,11,31,-56,1,-40,1,5745,5775,0,80,11ac,70:3a:cb:8d:fe:3e,"ayushidrawsablank",
2023-12-14,09-22-12.152,0.5,3.308,0.109,12,31,-57,1,-40,1,5745,5775,0,80,11ac,70:3a:cb:8d:fe:3e,"ayushidrawsablank",
2023-12-14,09-22-12.320,0.5,3.693,0.594,11,31,-56,1,-40,1,5745,5775,0,80,11ac,70:3a:cb:8d:fe:3e,"ayushidrawsablank",
2023-12-14,09-22-12.496,0.5,3.655,0.254,14,31,-56,1,-40,1,5745,5775,0,80,11ac,70:3a:cb:8d:fe:3e,"ayushidrawsablank",
2023-12-14,09-22-12.661,0.5,3.72,0.207,5,31,-57,1,-40,1,5745,5775,0,80,11ac,70:3a:cb:8d:fe:3e,"ayushidrawsablank",
2023-12-14,09-22-12.840,0.5,3.566,0.804,12,31,-56,1,-40,1,5745,5775,0,80,11ac,70:3a:cb:8d:fe:3e,"ayushidrawsablank",
2023-12-14,09-22-13.004,0.5,3.027,0.172,10,31,-56,1,-40,1,5745,5775,0,80,11ac,70:3a:cb:8d:fe:3e,"ayushidrawsablank",
2023-12-14,09-22-13.172,0.5,2.931,0.134,12,31,-55,1,-40,1,5745,5775,0,80,11ac,70:3a:cb:8d:fe:3e,"ayushidrawsablank",
2023-12-14,09-22-13.342,0.5,3.641,0.729,11,31,-56,1,-40,1,5745,5775,0,80,11ac,70:3a:cb:8d:fe:3e,"ayushidrawsablank",
2023-12-14,09-22-13.507,0.5,2.979,0.393,13,31,-55,1,-40,1,5745,5775,0,80,11ac,70:3a:cb:8d:fe:3e,"ayushidrawsablank",
2023-12-14,09-18-18.175,*,0,0,0,0,0,0,-40,1,5745,5775,0,80,11ac,70:3a:cb:8d:fe:3e,"ayushidrawsablank",
2023-12-14,09-22-13.861,0.5,2.829,0.178,10,31,-56,1,-40,1,5745,5775,0,80,11ac,70:3a:cb:8d:fe:3e,"ayushidrawsablank",
2023-12-14,09-22-14.037,0.5,3.219,0.553,13,31,-56,1,-40,1,5745,5775,0,80,11ac,70:3a:cb:8d:fe:3e,"ayushidrawsablank",
2023-12-14,09-22-14.208,0.5,3.042,0.054,11,31,-56,1,-40,1,5745,5775,0,80,11ac,70:3a:cb:8d:fe:3e,"ayushidrawsablank",
2023-12-14,09-22-14.374,0.5,3.007,0.421,13,31,-56,1,-40,1,5745,5775,0,80,11ac,70:3a:cb:8d:fe:3e,"ayushidrawsablank",
2023-12-14,09-22-14.549,0.5,3.034,0.104,12,31,-55,1,-40,1,5745,5775,0,80,11ac,70:3a:cb:8d:fe:3e,"ayushidrawsablank",
2023-12-14,09-22-14.728,0.5,3.575,0.756,5,31,-56,1,-40,1,5745,5775,0,80,11ac,70:3a:cb:8d:fe:3e,"ayushidrawsablank",
2023-12-14,09-22-14.895,0.5,3.099,0.196,12,31,-55,1,-40,1,5745,5775,0,80,11ac,70:3a:cb:8d:fe:3e,"ayushidrawsablank",
2023-12-14,09-22-15.068,0.5,2.971,0.043,10,31,-56,1,-40,1,5745,5775,0,80,11ac,70:3a:cb:8d:fe:3e,"ayushidrawsablank",
2023-12-14,09-22-15.249,0.5,3.244,0.364,14,31,-56,1,-40,1,5745,5775,0,80,11ac,70:3a:cb:8d:fe:3e,"ayushidrawsablank",
2023-12-14,09-22-15.426,0.5,2.615,0.475,13,31,-56,1,-40,1,5745,5775,0,80,11ac,70:3a:cb:8d:fe:3e,"ayushidrawsablank",
2023-12-14,09-22-15.585,0.5,2.534,0.427,11,31,-56,1,-40,1,5745,5775,0,80,11ac,70:3a:cb:8d:fe:3e,"ayushidrawsablank",
2023-12-14,09-22-15.758,0.5,2.371,0.171,13,31,-57,1,-40,1,5745,5775,0,80,11ac,70:3a:cb:8d:fe:3e,"ayushidrawsablank",
2023-12-14,09-22-15.930,0.5,2.831,0.182,11,31,-58,1,-40,1,5745,5775,0,80,11ac,70:3a:cb:8d:fe:3e,"ayushidrawsablank",
2023-12-14,09-22-16.100,0.5,2.729,0.083,11,31,-57,1,-40,1,5745,5775,0,80,11ac,70:3a:cb:8d:fe:3e,"ayushidrawsablank",
2023-12-14,09-22-16.273,0.5,2.895,0.463,11,31,-58,1,-40,1,5745,5775,0,80,11ac,70:3a:cb:8d:fe:3e,"ayushidrawsablank",
2023-12-14,09-22-16.448,0.5,2.317,0.054,12,31,-57,1,-40,1,5745,5775,0,80,11ac,70:3a:cb:8d:fe:3e,"ayushidrawsablank",
2023-12-14,09-22-16.630,0.5,2.771,0.266,13,31,-57,1,-40,1,5745,5775,0,80,11ac,70:3a:cb:8d:fe:3e,"ayushidrawsablank",
2023-12-14,09-22-16.802,0.5,2.804,0.308,13,31,-57,1,-40,1,5745,5775,0,80,11ac,70:3a:cb:8d:fe:3e,"ayushidrawsablank",
2023-12-14,09-22-16.971,0.5,2.652,0.088,9,31,-53,1,-40,1,5745,5775,0,80,11ac,70:3a:cb:8d:fe:3e,"ayushidrawsablank",
2023-12-14,09-22-17.142,0.5,2.635,0.075,9,31,-53,1,-40,1,5745,5775,0,80,11ac,70:3a:cb:8d:fe:3e,"ayushidrawsablank",
2023-12-14,09-22-17.322,0.5,2.573,0.526,12,31,-55,1,-40,1,5745,5775,0,80,11ac,70:3a:cb:8d:fe:3e,"ayushidrawsablank",
2023-12-14,09-22-17.498,0.5,2.409,0.112,11,31,-57,1,-40,1,5745,5775,0,80,11ac,70:3a:cb:8d:fe:3e,"ayushidrawsablank",
2023-12-14,09-22-17.677,0.5,2.382,0.053,11,31,-57,1,-40,1,5745,5775,0,80,11ac,70:3a:cb:8d:fe:3e,"ayushidrawsablank",
2023-12-14,09-22-17.854,0.5,2.522,0.209,12,31,-57,1,-40,1,5745,5775,0,80,11ac,70:3a:cb:8d:fe:3e,"ayushidrawsablank",
2023-12-14,09-22-18.027,0.5,2.367,0.103,12,31,-56,1,-40,1,5745,5775,0,80,11ac,70:3a:cb:8d:fe:3e,"ayushidrawsablank",
2023-12-14,09-22-18.195,0.5,2.41,0.035,8,31,-57,1,-40,1,5745,5775,0,80,11ac,70:3a:cb:8d:fe:3e,"ayushidrawsablank",
2023-12-14,09-22-18.370,0.5,2.289,0.121,12,31,-57,1,-40,1,5745,5775,0,80,11ac,70:3a:cb:8d:fe:3e,"ayushidrawsablank",
2023-12-14,09-22-18.554,0.5,2.391,0.04,12,31,-57,1,-40,1,5745,5775,0,80,11ac,70:3a:cb:8d:fe:3e,"ayushidrawsablank",
2023-12-14,09-22-18.724,0.5,2.563,0.472,10,31,-57,1,-40,1,5745,5775,0,80,11ac,70:3a:cb:8d:fe:3e,"ayushidrawsablank",
2023-12-14,09-22-18.895,0.5,2.642,0.488,13,31,-55,1,-40,1,5745,5775,0,80,11ac,70:3a:cb:8d:fe:3e,"ayushidrawsablank",
2023-12-14,09-22-19.060,0.5,2.474,0.081,11,31,-57,1,-40,1,5745,5775,0,80,11ac,70:3a:cb:8d:fe:3e,"ayushidrawsablank",
2023-12-14,09-22-19.235,0.5,2.728,0.455,11,31,-57,1,-40,1,5745,5775,0,80,11ac,70:3a:cb:8d:fe:3e,"ayushidrawsablank",
2023-12-14,09-22-19.398,0.5,2.74,0.255,14,31,-57,1,-40,1,5745,5775,0,80,11ac,70:3a:cb:8d:fe:3e,"ayushidrawsablank",
2023-12-14,09-22-19.569,0.5,2.745,0.468,11,31,-57,1,-40,1,5745,5775,0,80,11ac,70:3a:cb:8d:fe:3e,"ayushidrawsablank",
2023-12-14,09-22-19.734,0.5,2.528,0.088,11,31,-57,1,-40,1,5745,5775,0,80,11ac,70:3a:cb:8d:fe:3e,"ayushidrawsablank",
2023-12-14,09-22-19.906,0.5,2.921,0.401,12,31,-57,1,-40,1,5745,5775,0,80,11ac,70:3a:cb:8d:fe:3e,"ayushidrawsablank",
2023-12-14,09-22-20.071,0.5,2.661,0.043,11,31,-57,1,-40,1,5745,5775,0,80,11ac,70:3a:cb:8d:fe:3e,"ayushidrawsablank",
2023-12-14,09-22-20.247,0.5,2.601,0.038,4,31,-56,1,-40,1,5745,5775,0,80,11ac,70:3a:cb:8d:fe:3e,"ayushidrawsablank",
2023-12-14,09-22-20.421,0.5,2.784,0.393,13,31,-57,1,-40,1,5745,5775,0,80,11ac,70:3a:cb:8d:fe:3e,"ayushidrawsablank",
2023-12-14,09-22-20.587,0.5,3.055,0.36,13,31,-57,1,-40,1,5745,5775,0,80,11ac,70:3a:cb:8d:fe:3e,"ayushidrawsablank",
2023-12-14,09-18-18.174,*,0,0,0,0,0,0,-40,1,5745,5775,0,80,11ac,70:3a:cb:8d:fe:3e,"ayushidrawsablank",
2023-12-14,09-22-20.941,0.5,2.845,0.055,11,31,-56,1,-40,1,5745,5775,0,80,11ac,70:3a:cb:8d:fe:3e,"ayushidrawsablank",
2023-12-14,09-22-21.112,0.5,3.15,0.303,14,31,-57,1,-40,1,5745,5775,0,80,11ac,70:3a:cb:8d:fe:3e,"ayushidrawsablank",
2023-12-14,09-22-21.293,0.5,2.91,0.148,10,31,-58,1,-40,1,5745,5775,0,80,11ac,70:3a:cb:8d:fe:3e,"ayushidrawsablank",
2023-12-14,09-22-21.465,0.5,2.925,0.056,11,31,-57,1,-40,1,5745,5775,0,80,11ac,70:3a:cb:8d:fe:3e,"ayushidrawsablank",
2023-12-14,09-22-21.644,0.5,3.159,0.243,8,31,-57,1,-40,1,5745,5775,0,80,11ac,70:3a:cb:8d:fe:3e,"ayushidrawsablank",
2023-12-14,09-22-21.819,0.5,3.141,0.348,12,31,-57,1,-40,1,5745,5775,0,80,11ac,70:3a:cb:8d:fe:3e,"ayushidrawsablank",
2023-12-14,09-22-21.994,0.5,3.062,0.305,13,31,-57,1,-40,1,5745,5775,0,80,11ac,70:3a:cb:8d:fe:3e,"ayushidrawsablank",
2023-12-14,09-22-22.161,0.5,3.088,0.295,12,31,-57,1,-40,1,5745,5775,0,80,11ac,70:3a:cb:8d:fe:3e,"ayushidrawsablank",
2023-12-14,09-22-22.343,0.5,2.844,0.155,11,31,-57,1,-40,1,5745,5775,0,80,11ac,70:3a:cb:8d:fe:3e,"ayushidrawsablank",
2023-12-14,09-22-22.521,0.5,2.869,0.403,11,31,-57,1,-40,1,5745,5775,0,80,11ac,70:3a:cb:8d:fe:3e,"ayushidrawsablank",
2023-12-14,09-22-22.697,0.5,3.13,0.515,14,31,-56,1,-40,1,5745,5775,0,80,11ac,70:3a:cb:8d:fe:3e,"ayushidrawsablank",
2023-12-14,09-22-22.865,0.5,2.891,0.062,11,31,-57,1,-40,1,5745,5775,0,80,11ac,70:3a:cb:8d:fe:3e,"ayushidrawsablank",
2023-12-14,09-22-23.034,0.5,3.057,0.327,12,31,-57,1,-40,1,5745,5775,0,80,11ac,70:3a:cb:8d:fe:3e,"ayushidrawsablank",
2023-12-14,09-22-23.217,0.5,3.134,0.367,13,31,-57,1,-40,1,5745,5775,0,80,11ac,70:3a:cb:8d:fe:3e,"ayushidrawsablank",
2023-12-14,09-22-23.393,0.5,2.929,0.247,11,31,-56,1,-40,1,5745,5775,0,80,11ac,70:3a:cb:8d:fe:3e,"ayushidrawsablank",
2023-12-14,09-22-23.564,0.5,3.037,0.44,14,31,-56,1,-40,1,5745,5775,0,80,11ac,70:3a:cb:8d:fe:3e,"ayushidrawsablank",
2023-12-14,09-22-23.736,0.5,3.086,0.286,10,31,-56,1,-40,1,5745,5775,0,80,11ac,70:3a:cb:8d:fe:3e,"ayushidrawsablank",
2023-12-14,09-22-23.906,0.5,2.934,0.126,12,31,-57,1,-40,1,5745,5775,0,80,11ac,70:3a:cb:8d:fe:3e,"ayushidrawsablank",
2023-12-14,09-22-24.083,0.5,2.712,0.093,12,31,-56,1,-40,1,5745,5775,0,80,11ac,70:3a:cb:8d:fe:3e,"ayushidrawsablank",
2023-12-14,09-22-24.257,0.5,2.842,0.405,13,31,-57,1,-40,1,5745,5775,0,80,11ac,70:3a:cb:8d:fe:3e,"ayushidrawsablank",
2023-12-14,09-22-24.420,0.5,2.554,0.029,7,31,-57,1,-40,1,5745,5775,0,80,11ac,70:3a:cb:8d:fe:3e,"ayushidrawsablank",
2023-12-14,09-22-24.593,0.5,2.476,0.028,7,31,-56,1,-40,1,5745,5775,0,80,11ac,70:3a:cb:8d:fe:3e,"ayushidrawsablank",
2023-12-14,09-22-24.769,0.5,2.89,0.5,10,31,-57,1,-40,1,5745,5775,0,80,11ac,70:3a:cb:8d:fe:3e,"ayushidrawsablank",
2023-12-14,09-22-24.950,0.5,2.437,0.045,11,31,-56,1,-40,1,5745,5775,0,80,11ac,70:3a:cb:8d:fe:3e,"ayushidrawsablank",
2023-12-14,09-22-25.126,0.5,2.397,0.106,11,31,-57,1,-40,1,5745,5775,0,80,11ac,70:3a:cb:8d:fe:3e,"ayushidrawsablank",
2023-12-14,09-22-25.296,0.5,2.415,0.101,12,31,-57,1,-40,1,5745,5775,0,80,11ac,70:3a:cb:8d:fe:3e,"ayushidrawsablank",
2023-12-14,09-22-25.474,0.5,2.64,0.537,13,31,-56,1,-40,1,5745,5775,0,80,11ac,70:3a:cb:8d:fe:3e,"ayushidrawsablank",
2023-12-14,09-22-25.644,0.5,2.524,0.52,13,31,-57,1,-40,1,5745,5775,0,80,11ac,70:3a:cb:8d:fe:3e,"ayushidrawsablank",
2023-12-14,09-22-25.810,0.5,2.362,0.094,11,31,-57,1,-40,1,5745,5775,0,80,11ac,70:3a:cb:8d:fe:3e,"ayushidrawsablank",
2023-12-14,09-22-25.989,0.5,3.025,0.451,11,31,-56,1,-40,1,5745,5775,0,80,11ac,70:3a:cb:8d:fe:3e,"ayushidrawsablank",
2023-12-14,09-22-26.159,0.5,2.785,0.076,9,31,-57,1,-40,1,5745,5775,0,80,11ac,70:3a:cb:8d:fe:3e,"ayushidrawsablank",
2023-12-14,09-22-26.333,0.5,2.741,0.087,10,31,-57,1,-40,1,5745,5775,0,80,11ac,70:3a:cb:8d:fe:3e,"ayushidrawsablank",
2023-12-14,09-22-26.513,0.5,2.574,0.115,8,31,-57,1,-40,1,5745,5775,0,80,11ac,70:3a:cb:8d:fe:3e,"ayushidrawsablank",
2023-12-14,09-22-26.682,0.5,2.526,0.157,10,31,-57,1,-40,1,5745,5775,0,80,11ac,70:3a:cb:8d:fe:3e,"ayushidrawsablank",
2023-12-14,09-22-26.846,0.5,2.498,0.102,11,31,-57,1,-40,1,5745,5775,0,80,11ac,70:3a:cb:8d:fe:3e,"ayushidrawsablank",
2023-12-14,09-22-27.023,0.5,2.394,0.029,12,31,-57,1,-40,1,5745,5775,0,80,11ac,70:3a:cb:8d:fe:3e,"ayushidrawsablank",
2023-12-14,09-22-27.212,0.5,2.509,0.052,10,31,-57,1,-40,1,5745,5775,0,80,11ac,70:3a:cb:8d:fe:3e,"ayushidrawsablank",
2023-12-14,09-22-27.373,0.5,2.49,0.337,13,31,-56,1,-40,1,5745,5775,0,80,11ac,70:3a:cb:8d:fe:3e,"ayushidrawsablank",
2023-12-14,09-22-27.552,0.5,2.599,0.048,10,31,-57,1,-40,1,5745,5775,0,80,11ac,70:3a:cb:8d:fe:3e,"ayushidrawsablank",
2023-12-14,09-22-27.725,0.5,2.586,0.355,10,31,-57,1,-40,1,5745,5775,0,80,11ac,70:3a:cb:8d:fe:3e,"ayushidrawsablank",
2023-12-14,09-22-27.894,0.5,2.54,0.066,12,31,-57,1,-40,1,5745,5775,0,80,11ac,70:3a:cb:8d:fe:3e,"ayushidrawsablank",
2023-12-14,09-22-28.058,0.5,2.463,0.149,12,31,-57,1,-40,1,5745,5775,0,80,11ac,70:3a:cb:8d:fe:3e,"ayushidrawsablank",
2023-12-14,09-22-28.231,0.5,2.652,0.048,11,31,-57,1,-40,1,5745,5775,0,80,11ac,70:3a:cb:8d:fe:3e,"ayushidrawsablank",
2023-12-14,09-22-28.409,0.5,2.569,0.183,8,31,-57,1,-40,1,5745,5775,0,80,11ac,70:3a:cb:8d:fe:3e,"ayushidrawsablank",
2023-12-14,09-22-28.585,0.5,2.495,0.05,10,31,-57,1,-40,1,5745,5775,0,80,11ac,70:3a:cb:8d:fe:3e,"ayushidrawsablank",
2023-12-14,09-22-28.755,0.5,2.621,0.059,11,31,-57,1,-40,1,5745,5775,0,80,11ac,70:3a:cb:8d:fe:3e,"ayushidrawsablank",
2023-12-14,09-22-28.924,0.5,2.427,0.091,13,31,-56,1,-40,1,5745,5775,0,80,11ac,70:3a:cb:8d:fe:3e,"ayushidrawsablank",
2023-12-14,09-22-29.090,0.5,2.288,0.181,11,31,-57,1,-40,1,5745,5775,0,80,11ac,70:3a:cb:8d:fe:3e,"ayushidrawsablank",
2023-12-14,09-22-29.271,0.5,2.474,0.484,12,31,-56,1,-40,1,5745,5775,0,80,11ac,70:3a:cb:8d:fe:3e,"ayushidrawsablank",
2023-12-14,09-22-29.442,0.5,2.381,0.032,12,31,-55,1,-40,1,5745,5775,0,80,11ac,70:3a:cb:8d:fe:3e,"ayushidrawsablank",
2023-12-14,09-22-29.611,0.5,2.218,0.098,7,31,-57,1,-40,1,5745,5775,0,80,11ac,70:3a:cb:8d:fe:3e,"ayushidrawsablank",
2023-12-14,09-18-18.174,*,0,0,0,0,0,0,-40,1,5745,5775,0,80,11ac,70:3a:cb:8d:fe:3e,"ayushidrawsablank",
2023-12-14,09-22-29.980,0.5,2.765,0.452,12,31,-56,1,-40,1,5745,5775,0,80,11ac,70:3a:cb:8d:fe:3e,"ayushidrawsablank",
2023-12-14,09-22-30.148,0.5,2.488,0.034,7,31,-56,1,-40,1,5745,5775,0,80,11ac,70:3a:cb:8d:fe:3e,"ayushidrawsablank",
2023-12-14,09-22-30.320,0.5,2.534,0.05,13,31,-56,1,-40,1,5745,5775,0,80,11ac,70:3a:cb:8d:fe:3e,"ayushidrawsablank",
2023-12-14,09-22-30.497,0.5,2.701,0.474,13,31,-56,1,-40,1,5745,5775,0,80,11ac,70:3a:cb:8d:fe:3e,"ayushidrawsablank",
2023-12-14,09-22-30.671,0.5,2.483,0.108,11,31,-57,1,-40,1,5745,5775,0,80,11ac,70:3a:cb:8d:fe:3e,"ayushidrawsablank",
2023-12-14,09-22-30.841,0.5,2.588,0.383,12,31,-56,1,-40,1,5745,5775,0,80,11ac,70:3a:cb:8d:fe:3e,"ayushidrawsablank",
2023-12-14,09-22-31.017,0.5,2.595,0.258,11,31,-52,1,-40,1,5745,5775,0,80,11ac,70:3a:cb:8d:fe:3e,"ayushidrawsablank",
2023-12-14,09-22-31.200,0.5,2.475,0.066,9,31,-53,1,-40,1,5745,5775,0,80,11ac,70:3a:cb:8d:fe:3e,"ayushidrawsablank",
2023-12-14,09-22-31.375,0.5,2.9,0.043,11,31,-54,1,-40,1,5745,5775,0,80,11ac,70:3a:cb:8d:fe:3e,"ayushidrawsablank",
2023-12-14,09-22-31.545,0.5,3.175,0.078,9,31,-55,1,-40,1,5745,5775,0,80,11ac,70:3a:cb:8d:fe:3e,"ayushidrawsablank",
2023-12-14,09-22-31.717,0.5,3.553,0.516,11,31,-55,1,-40,1,5745,5775,0,80,11ac,70:3a:cb:8d:fe:3e,"ayushidrawsablank",
2023-12-14,09-22-31.888,0.5,3.066,0.073,11,31,-55,1,-40,1,5745,5775,0,80,11ac,70:3a:cb:8d:fe:3e,"ayushidrawsablank",
2023-12-14,09-22-32.059,0.5,2.747,0.386,13,31,-55,1,-40,1,5745,5775,0,80,11ac,70:3a:cb:8d:fe:3e,"ayushidrawsablank",
2023-12-14,09-22-32.230,0.5,2.584,0.462,12,31,-57,1,-40,1,5745,5775,0,80,11ac,70:3a:cb:8d:fe:3e,"ayushidrawsablank",
2023-12-14,09-22-32.411,0.5,2.389,0.158,13,31,-57,1,-40,1,5745,5775,0,80,11ac,70:3a:cb:8d:fe:3e,"ayushidrawsablank",
2023-12-14,09-22-32.588,0.5,2.54,0.139,10,31,-57,1,-40,1,5745,5775,0,80,11ac,70:3a:cb:8d:fe:3e,"ayushidrawsablank",
2023-12-14,09-22-32.763,0.5,2.763,0.333,12,31,-57,1,-40,1,5745,5775,0,80,11ac,70:3a:cb:8d:fe:3e,"ayushidrawsablank",
2023-12-14,09-22-32.937,0.5,2.617,0.188,12,31,-57,1,-40,1,5745,5775,0,80,11ac,70:3a:cb:8d:fe:3e,"ayushidrawsablank",
2023-12-14,09-22-33.108,0.5,2.707,0.17,10,31,-57,1,-40,1,5745,5775,0,80,11ac,70:3a:cb:8d:fe:3e,"ayushidrawsablank",
2023-12-14,09-22-33.281,0.5,2.915,0.411,13,31,-56,1,-40,1,5745,5775,0,80,11ac,70:3a:cb:8d:fe:3e,"ayushidrawsablank",
2023-12-14,09-22-33.457,0.5,2.555,0.16,13,31,-56,1,-40,1,5745,5775,0,80,11ac,70:3a:cb:8d:fe:3e,"ayushidrawsablank",
2023-12-14,09-22-33.624,0.5,2.554,0.126,10,31,-56,1,-40,1,5745,5775,0,80,11ac,70:3a:cb:8d:fe:3e,"ayushidrawsablank",
2023-12-14,09-22-33.801,0.5,2.646,0.246,12,31,-57,1,-40,1,5745,5775,0,80,11ac,70:3a:cb:8d:fe:3e,"ayushidrawsablank",
2023-12-14,09-22-33.970,0.5,2.618,0.082,8,31,-57,1,-40,1,5745,5775,0,80,11ac,70:3a:cb:8d:fe:3e,"ayushidrawsablank",
2023-12-14,09-22-34.138,0.5,2.372,0.187,11,31,-57,1,-40,1,5745,5775,0,80,11ac,70:3a:cb:8d:fe:3e,"ayushidrawsablank",
2023-12-14,09-22-34.317,0.5,2.298,0.052,11,31,-57,1,-40,1,5745,5775,0,80,11ac,70:3a:cb:8d:fe:3e,"ayushidrawsablank",
2023-12-14,09-22-34.492,0.5,2.435,0.537,14,31,-57,1,-40,1,5745,5775,0,80,11ac,70:3a:cb:8d:fe:3e,"ayushidrawsablank",
2023-12-14,09-22-34.659,0.5,2.702,0.751,10,31,-57,1,-40,1,5745,5775,0,80,11ac,70:3a:cb:8d:fe:3e,"ayushidrawsablank",
2023-12-14,09-22-34.825,0.5,2.461,0.194,10,31,-56,1,-40,1,5745,5775,0,80,11ac,70:3a:cb:8d:fe:3e,"ayushidrawsablank",
2023-12-14,09-22-35.000,0.5,2.774,0.142,11,31,-58,1,-40,1,5745,5775,0,80,11ac,70:3a:cb:8d:fe:3e,"ayushidrawsablank",
2023-12-14,09-22-35.165,0.5,2.289,0.624,13,31,-58,1,-40,1,5745,5775,0,80,11ac,70:3a:cb:8d:fe:3e,"ayushidrawsablank",
2023-12-14,09-22-35.328,0.5,2.674,0.642,11,31,-57,1,-40,1,5745,5775,0,80,11ac,70:3a:cb:8d:fe:3e,"ayushidrawsablank",
2023-12-14,09-22-35.506,0.5,2.901,0.348,12,31,-56,1,-40,1,5745,5775,0,80,11ac,70:3a:cb:8d:fe:3e,"ayushidrawsablank",
2023-12-14,09-22-35.677,0.5,2.781,0.415,11,31,-56,1,-40,1,5745,5775,0,80,11ac,70:3a:cb:8d:fe:3e,"ayushidrawsablank",
2023-12-14,09-22-35.842,0.5,2.561,0.371,13,31,-56,1,-40,1,5745,5775,0,80,11ac,70:3a:cb:8d:fe:3e,"ayushidrawsablank",
2023-12-14,09-22-36.010,0.5,2.43,0.145,12,31,-57,1,-40,1,5745,5775,0,80,11ac,70:3a:cb:8d:fe:3e,"ayushidrawsablank",
2023-12-14,09-22-36.168,0.5,2.429,0.076,11,31,-57,1,-40,1,5745,5775,0,80,11ac,70:3a:cb:8d:fe:3e,"ayushidrawsablank",
2023-12-14,09-22-36.352,0.5,2.456,0.132,9,31,-57,1,-40,1,5745,5775,0,80,11ac,70:3a:cb:8d:fe:3e,"ayushidrawsablank",
2023-12-14,09-22-36.529,0.5,2.355,0.068,5,31,-57,1,-40,1,5745,5775,0,80,11ac,70:3a:cb:8d:fe:3e,"ayushidrawsablank",
2023-12-14,09-22-36.701,0.5,2.323,0.169,12,31,-57,1,-40,1,5745,5775,0,80,11ac,70:3a:cb:8d:fe:3e,"ayushidrawsablank",
2023-12-14,09-22-36.866,0.5,2.412,0.135,10,31,-57,1,-40,1,5745,5775,0,80,11ac,70:3a:cb:8d:fe:3e,"ayushidrawsablank",
2023-12-14,09-22-37.044,0.5,2.485,0.136,7,31,-57,1,-40,1,5745,5775,0,80,11ac,70:3a:cb:8d:fe:3e,"ayushidrawsablank",
2023-12-14,09-22-37.197,0.5,2.605,0.398,12,31,-56,1,-40,1,5745,5775,0,80,11ac,70:3a:cb:8d:fe:3e,"ayushidrawsablank",
2023-12-14,09-22-37.378,0.5,2.42,0.265,12,31,-56,1,-40,1,5745,5775,0,80,11ac,70:3a:cb:8d:fe:3e,"ayushidrawsablank",
2023-12-14,09-22-37.557,0.5,2.16,0.14,12,31,-57,1,-40,1,5745,5775,0,80,11ac,70:3a:cb:8d:fe:3e,"ayushidrawsablank",
2023-12-14,09-22-37.737,0.5,2.397,0.062,8,31,-57,1,-40,1,5745,5775,0,80,11ac,70:3a:cb:8d:fe:3e,"ayushidrawsablank",
2023-12-14,09-22-37.901,0.5,2.481,0.105,10,31,-57,1,-40,1,5745,5775,0,80,11ac,70:3a:cb:8d:fe:3e,"ayushidrawsablank",
2023-12-14,09-22-38.083,0.5,2.665,0.174,11,31,-58,1,-40,1,5745,5775,0,80,11ac,70:3a:cb:8d:fe:3e,"ayushidrawsablank",
2023-12-14,09-22-38.246,0.5,2.539,0.158,12,31,-57,1,-40,1,5745,5775,0,80,11ac,70:3a:cb:8d:fe:3e,"ayushidrawsablank",
2023-12-14,09-22-38.415,0.5,2.631,0.299,12,31,-56,1,-40,1,5745,5775,0,80,11ac,70:3a:cb:8d:fe:3e,"ayushidrawsablank",
2023-12-14,09-22-38.596,0.5,2.596,0.118,12,31,-57,1,-40,1,5745,5775,0,80,11ac,70:3a:cb:8d:fe:3e,"ayushidrawsablank",
2023-12-14,09-22-38.774,0.5,2.71,0.326,12,31,-57,1,-40,1,5745,5775,0,80,11ac,70:3a:cb:8d:fe:3e,"ayushidrawsablank",
2023-12-14,09-22-38.941,0.5,2.614,0.298,13,31,-57,1,-40,1,5745,5775,0,80,11ac,70:3a:cb:8d:fe:3e,"ayushidrawsablank",
2023-12-14,09-22-39.113,0.5,2.503,0.055,12,31,-57,1,-40,1,5745,5775,0,80,11ac,70:3a:cb:8d:fe:3e,"ayushidrawsablank",
2023-12-14,09-22-39.297,0.5,2.818,0.228,12,31,-57,1,-40,1,5745,5775,0,80,11ac,70:3a:cb:8d:fe:3e,"ayushidrawsablank",
2023-12-14,09-22-39.475,0.5,2.782,0.446,13,31,-56,1,-40,1,5745,5775,0,80,11ac,70:3a:cb:8d:fe:3e,"ayushidrawsablank",
2023-12-14,09-22-39.644,0.5,2.701,0.132,10,31,-57,1,-40,1,5745,5775,0,80,11ac,70:3a:cb:8d:fe:3e,"ayushidrawsablank",
2023-12-14,09-22-39.824,0.5,2.684,0.033,11,31,-56,1,-40,1,5745,5775,0,80,11ac,70:3a:cb:8d:fe:3e,"ayushidrawsablank",
2023-12-14,09-22-40.005,0.5,2.698,0.147,11,31,-57,1,-40,1,5745,5775,0,80,11ac,70:3a:cb:8d:fe:3e,"ayushidrawsablank",
2023-12-14,09-22-40.167,0.5,2.834,0.183,11,31,-57,1,-40,1,5745,5775,0,80,11ac,70:3a:cb:8d:fe:3e,"ayushidrawsablank",
2023-12-14,09-22-40.343,0.5,2.872,0.557,13,31,-57,1,-40,1,5745,5775,0,80,11ac,70:3a:cb:8d:fe:3e,"ayushidrawsablank",
2023-12-14,09-22-40.512,0.5,2.588,0.302,11,31,-58,1,-40,1,5745,5775,0,80,11ac,70:3a:cb:8d:fe:3e,"ayushidrawsablank",
2023-12-14,09-22-40.668,0.5,2.727,0.572,13,31,-58,1,-40,1,5745,5775,0,80,11ac,70:3a:cb:8d:fe:3e,"ayushidrawsablank",
2023-12-14,09-22-40.848,0.5,2.684,0.738,12,31,-58,1,-40,1,5745,5775,0,80,11ac,70:3a:cb:8d:fe:3e,"ayushidrawsablank",
2023-12-14,09-22-41.016,0.5,2.643,0.516,11,31,-58,1,-40,1,5745,5775,0,80,11ac,70:3a:cb:8d:fe:3e,"ayushidrawsablank",
2023-12-14,09-22-41.182,0.5,2.306,0.052,4,31,-58,1,-40,1,5745,5775,0,80,11ac,70:3a:cb:8d:fe:3e,"ayushidrawsablank",
2023-12-14,09-22-41.359,0.5,2.838,0.842,9,31,-58,1,-40,1,5745,5775,0,80,11ac,70:3a:cb:8d:fe:3e,"ayushidrawsablank",
2023-12-14,09-22-41.541,0.5,3.063,0.725,11,31,-58,1,-40,1,5745,5775,0,80,11ac,70:3a:cb:8d:fe:3e,"ayushidrawsablank",
2023-12-14,09-22-41.716,0.5,2.479,0.478,13,31,-57,1,-40,1,5745,5775,0,80,11ac,70:3a:cb:8d:fe:3e,"ayushidrawsablank",
2023-12-14,09-18-18.174,*,0,0,0,0,0,0,-40,1,5745,5775,0,80,11ac,70:3a:cb:8d:fe:3e,"ayushidrawsablank",
2023-12-14,09-22-42.076,0.5,3.045,0.874,11,31,-57,1,-40,1,5745,5775,0,80,11ac,70:3a:cb:8d:fe:3e,"ayushidrawsablank",
2023-12-14,09-22-42.243,0.5,2.533,0.038,10,31,-57,1,-40,1,5745,5775,0,80,11ac,70:3a:cb:8d:fe:3e,"ayushidrawsablank",
2023-12-14,09-22-42.421,0.5,2.628,0.738,12,31,-57,1,-40,1,5745,5775,0,80,11ac,70:3a:cb:8d:fe:3e,"ayushidrawsablank",
2023-12-14,09-22-42.599,0.5,2.321,0.169,12,31,-58,1,-40,1,5745,5775,0,80,11ac,70:3a:cb:8d:fe:3e,"ayushidrawsablank",
2023-12-14,09-22-42.770,0.5,2.391,0.101,12,31,-58,1,-40,1,5745,5775,0,80,11ac,70:3a:cb:8d:fe:3e,"ayushidrawsablank",
2023-12-14,09-22-42.940,0.5,2.241,0.054,11,31,-58,1,-40,1,5745,5775,0,80,11ac,70:3a:cb:8d:fe:3e,"ayushidrawsablank",
2023-12-14,09-22-43.114,0.5,3.218,1.061,14,31,-58,1,-40,1,5745,5775,0,80,11ac,70:3a:cb:8d:fe:3e,"ayushidrawsablank",
2023-12-14,09-22-43.285,0.5,2.29,0.167,8,31,-58,1,-40,1,5745,5775,0,80,11ac,70:3a:cb:8d:fe:3e,"ayushidrawsablank",
2023-12-14,09-22-43.444,0.5,2.467,0.126,6,31,-58,1,-40,1,5745,5775,0,80,11ac,70:3a:cb:8d:fe:3e,"ayushidrawsablank",
2023-12-14,09-22-43.619,0.5,2.619,0.754,12,31,-58,1,-40,1,5745,5775,0,80,11ac,70:3a:cb:8d:fe:3e,"ayushidrawsablank",
2023-12-14,09-22-43.793,0.5,2.231,0.047,7,31,-57,1,-40,1,5745,5775,0,80,11ac,70:3a:cb:8d:fe:3e,"ayushidrawsablank",
2023-12-14,09-22-43.964,0.5,2.337,0.179,11,31,-58,1,-40,1,5745,5775,0,80,11ac,70:3a:cb:8d:fe:3e,"ayushidrawsablank",
2023-12-14,09-22-44.133,0.5,2.612,0.831,13,31,-58,1,-40,1,5745,5775,0,80,11ac,70:3a:cb:8d:fe:3e,"ayushidrawsablank",
2023-12-14,09-22-44.308,0.5,2.245,0.118,12,31,-58,1,-40,1,5745,5775,0,80,11ac,70:3a:cb:8d:fe:3e,"ayushidrawsablank",
2023-12-14,09-22-44.485,0.5,2.573,0.82,14,31,-57,1,-40,1,5745,5775,0,80,11ac,70:3a:cb:8d:fe:3e,"ayushidrawsablank",
2023-12-14,09-22-44.661,0.5,2.583,0.74,12,31,-57,1,-40,1,5745,5775,0,80,11ac,70:3a:cb:8d:fe:3e,"ayushidrawsablank",
2023-12-14,09-22-44.844,0.5,2.322,0.048,10,31,-58,1,-40,1,5745,5775,0,80,11ac,70:3a:cb:8d:fe:3e,"ayushidrawsablank",
2023-12-14,09-22-45.025,0.5,2.931,0.921,12,31,-58,1,-40,1,5745,5775,0,80,11ac,70:3a:cb:8d:fe:3e,"ayushidrawsablank",
2023-12-14,09-22-45.197,0.5,2.751,0.763,13,31,-58,1,-40,1,5745,5775,0,80,11ac,70:3a:cb:8d:fe:3e,"ayushidrawsablank",
2023-12-14,09-22-45.371,0.5,3.176,1.043,10,31,-58,1,-40,1,5745,5775,0,80,11ac,70:3a:cb:8d:fe:3e,"ayushidrawsablank",
2023-12-14,09-22-45.540,0.5,2.528,0.781,13,31,-58,1,-40,1,5745,5775,0,80,11ac,70:3a:cb:8d:fe:3e,"ayushidrawsablank",
2023-12-14,09-22-45.711,0.5,2.313,0.102,11,31,-58,1,-40,1,5745,5775,0,80,11ac,70:3a:cb:8d:fe:3e,"ayushidrawsablank",
2023-12-14,09-22-45.873,0.5,2.592,0.571,14,31,-58,1,-40,1,5745,5775,0,80,11ac,70:3a:cb:8d:fe:3e,"ayushidrawsablank",
2023-12-14,09-22-46.051,0.5,2.748,0.535,10,31,-58,1,-40,1,5745,5775,0,80,11ac,70:3a:cb:8d:fe:3e,"ayushidrawsablank",
2023-12-14,09-22-46.216,0.5,2.468,0.073,10,31,-58,1,-40,1,5745,5775,0,80,11ac,70:3a:cb:8d:fe:3e,"ayushidrawsablank",
2023-12-14,09-22-46.397,0.5,3.024,0.553,12,31,-58,1,-40,1,5745,5775,0,80,11ac,70:3a:cb:8d:fe:3e,"ayushidrawsablank",
2023-12-14,09-22-46.562,0.5,2.701,0.349,14,31,-58,1,-40,1,5745,5775,0,80,11ac,70:3a:cb:8d:fe:3e,"ayushidrawsablank",
2023-12-14,09-22-46.741,0.5,2.359,0.078,12,31,-58,1,-40,1,5745,5775,0,80,11ac,70:3a:cb:8d:fe:3e,"ayushidrawsablank",
2023-12-14,09-22-46.913,0.5,2.567,0.442,14,31,-58,1,-40,1,5745,5775,0,80,11ac,70:3a:cb:8d:fe:3e,"ayushidrawsablank",
2023-12-14,09-22-47.093,0.5,2.37,0.066,12,31,-58,1,-40,1,5745,5775,0,80,11ac,70:3a:cb:8d:fe:3e,"ayushidrawsablank",
2023-12-14,09-22-47.256,0.5,2.863,0.62,12,31,-58,1,-40,1,5745,5775,0,80,11ac,70:3a:cb:8d:fe:3e,"ayushidrawsablank",
2023-12-14,09-22-47.421,0.5,2.366,0.129,13,31,-57,1,-40,1,5745,5775,0,80,11ac,70:3a:cb:8d:fe:3e,"ayushidrawsablank",
2023-12-14,09-22-47.598,0.5,2.339,0.074,11,31,-58,1,-40,1,5745,5775,0,80,11ac,70:3a:cb:8d:fe:3e,"ayushidrawsablank",
2023-12-14,09-22-47.782,0.5,2.635,0.484,14,31,-58,1,-40,1,5745,5775,0,80,11ac,70:3a:cb:8d:fe:3e,"ayushidrawsablank",
2023-12-14,09-22-47.964,0.5,2.868,0.61,7,31,-58,1,-40,1,5745,5775,0,80,11ac,70:3a:cb:8d:fe:3e,"ayushidrawsablank",
2023-12-14,09-22-48.128,0.5,2.299,0.048,11,31,-57,1,-40,1,5745,5775,0,80,11ac,70:3a:cb:8d:fe:3e,"ayushidrawsablank",
2023-12-14,09-22-48.302,0.5,2.67,0.671,14,31,-58,1,-40,1,5745,5775,0,80,11ac,70:3a:cb:8d:fe:3e,"ayushidrawsablank",
2023-12-14,09-22-48.475,0.5,2.523,0.497,13,31,-58,1,-40,1,5745,5775,0,80,11ac,70:3a:cb:8d:fe:3e,"ayushidrawsablank",
2023-12-14,09-22-48.652,0.5,2.744,0.439,12,31,-58,1,-40,1,5745,5775,0,80,11ac,70:3a:cb:8d:fe:3e,"ayushidrawsablank",
2023-12-14,09-22-48.824,0.5,2.555,0.533,11,31,-58,1,-40,1,5745,5775,0,80,11ac,70:3a:cb:8d:fe:3e,"ayushidrawsablank",
2023-12-14,09-22-48.989,0.5,2.558,0.138,14,31,-58,1,-40,1,5745,5775,0,80,11ac,70:3a:cb:8d:fe:3e,"ayushidrawsablank",
2023-12-14,09-22-49.165,0.5,2.537,0.037,11,31,-58,1,-40,1,5745,5775,0,80,11ac,70:3a:cb:8d:fe:3e,"ayushidrawsablank",
2023-12-14,09-22-49.341,0.5,2.494,0.112,12,31,-58,1,-40,1,5745,5775,0,80,11ac,70:3a:cb:8d:fe:3e,"ayushidrawsablank",
2023-12-14,09-22-49.518,0.5,2.588,0.087,12,31,-58,1,-40,1,5745,5775,0,80,11ac,70:3a:cb:8d:fe:3e,"ayushidrawsablank",
2023-12-14,09-22-49.692,0.5,2.771,0.625,13,31,-58,1,-40,1,5745,5775,0,80,11ac,70:3a:cb:8d:fe:3e,"ayushidrawsablank",
2023-12-14,09-22-49.868,0.5,2.393,0.099,11,31,-58,1,-40,1,5745,5775,0,80,11ac,70:3a:cb:8d:fe:3e,"ayushidrawsablank",
2023-12-14,09-22-50.040,0.5,2.619,0.529,10,31,-59,1,-40,1,5745,5775,0,80,11ac,70:3a:cb:8d:fe:3e,"ayushidrawsablank",
2023-12-14,09-22-50.211,0.5,2.504,0.144,12,31,-58,1,-40,1,5745,5775,0,80,11ac,70:3a:cb:8d:fe:3e,"ayushidrawsablank",
2023-12-14,09-22-50.385,0.5,2.456,0.072,11,31,-58,1,-40,1,5745,5775,0,80,11ac,70:3a:cb:8d:fe:3e,"ayushidrawsablank",
2023-12-14,09-22-50.567,0.5,2.575,0.14,7,31,-58,1,-40,1,5745,5775,0,80,11ac,70:3a:cb:8d:fe:3e,"ayushidrawsablank",
2023-12-14,09-22-50.743,0.5,2.693,0.097,11,31,-58,1,-40,1,5745,5775,0,80,11ac,70:3a:cb:8d:fe:3e,"ayushidrawsablank",
2023-12-14,09-22-50.915,0.5,2.988,0.441,10,31,-58,1,-40,1,5745,5775,0,80,11ac,70:3a:cb:8d:fe:3e,"ayushidrawsablank",
2023-12-14,09-22-51.090,0.5,2.706,0.122,7,31,-57,1,-40,1,5745,5775,0,80,11ac,70:3a:cb:8d:fe:3e,"ayushidrawsablank",
2023-12-14,09-18-18.174,*,0,0,0,0,0,0,-40,1,5745,5775,0,80,11ac,70:3a:cb:8d:fe:3e,"ayushidrawsablank",
2023-12-14,09-22-51.439,0.5,3.159,0.494,11,31,-58,1,-40,1,5745,5775,0,80,11ac,70:3a:cb:8d:fe:3e,"ayushidrawsablank",
2023-12-14,09-22-51.611,0.5,2.9,0.494,11,31,-57,1,-40,1,5745,5775,0,80,11ac,70:3a:cb:8d:fe:3e,"ayushidrawsablank",
2023-12-14,09-22-51.787,0.5,2.674,0.057,11,31,-57,1,-40,1,5745,5775,0,80,11ac,70:3a:cb:8d:fe:3e,"ayushidrawsablank",
2023-12-14,09-22-51.960,0.5,2.844,0.59,12,31,-58,1,-40,1,5745,5775,0,80,11ac,70:3a:cb:8d:fe:3e,"ayushidrawsablank",
2023-12-14,09-22-52.131,0.5,3.023,0.604,14,31,-58,1,-40,1,5745,5775,0,80,11ac,70:3a:cb:8d:fe:3e,"ayushidrawsablank",
2023-12-14,09-22-52.306,0.5,2.932,0.588,10,31,-58,1,-40,1,5745,5775,0,80,11ac,70:3a:cb:8d:fe:3e,"ayushidrawsablank",
2023-12-14,09-22-52.469,0.5,2.882,0.495,13,31,-57,1,-40,1,5745,5775,0,80,11ac,70:3a:cb:8d:fe:3e,"ayushidrawsablank",
2023-12-14,09-22-52.641,0.5,2.938,0.371,13,31,-57,1,-40,1,5745,5775,0,80,11ac,70:3a:cb:8d:fe:3e,"ayushidrawsablank",
2023-12-14,09-22-52.812,0.5,2.945,0.443,12,31,-58,1,-40,1,5745,5775,0,80,11ac,70:3a:cb:8d:fe:3e,"ayushidrawsablank",
2023-12-14,09-18-18.174,*,0,0,0,0,0,0,-40,1,5745,5775,0,80,11ac,70:3a:cb:8d:fe:3e,"ayushidrawsablank",
2023-12-14,09-22-53.164,0.5,2.748,0.482,14,31,-58,1,-40,1,5745,5775,0,80,11ac,70:3a:cb:8d:fe:3e,"ayushidrawsablank",
2023-12-14,09-22-53.338,0.5,2.616,0.123,6,31,-58,1,-40,1,5745,5775,0,80,11ac,70:3a:cb:8d:fe:3e,"ayushidrawsablank",
2023-12-14,09-22-53.513,0.5,2.711,0.081,12,31,-58,1,-40,1,5745,5775,0,80,11ac,70:3a:cb:8d:fe:3e,"ayushidrawsablank",
2023-12-14,09-22-53.672,0.5,2.762,0.078,12,31,-58,1,-40,1,5745,5775,0,80,11ac,70:3a:cb:8d:fe:3e,"ayushidrawsablank",
2023-12-14,09-22-53.848,0.5,2.758,0.096,10,31,-58,1,-40,1,5745,5775,0,80,11ac,70:3a:cb:8d:fe:3e,"ayushidrawsablank",
2023-12-14,09-22-54.022,0.5,2.727,0.043,12,31,-59,1,-40,1,5745,5775,0,80,11ac,70:3a:cb:8d:fe:3e,"ayushidrawsablank",
2023-12-14,09-22-54.196,0.5,3.2,0.546,12,31,-58,1,-40,1,5745,5775,0,80,11ac,70:3a:cb:8d:fe:3e,"ayushidrawsablank",
2023-12-14,09-22-54.368,0.5,2.574,0.069,12,31,-58,1,-40,1,5745,5775,0,80,11ac,70:3a:cb:8d:fe:3e,"ayushidrawsablank",
2023-12-14,09-22-54.536,0.5,2.743,0.082,12,31,-58,1,-40,1,5745,5775,0,80,11ac,70:3a:cb:8d:fe:3e,"ayushidrawsablank",
2023-12-14,09-22-54.702,0.5,2.942,0.115,12,31,-58,1,-40,1,5745,5775,0,80,11ac,70:3a:cb:8d:fe:3e,"ayushidrawsablank",
2023-12-14,09-22-54.876,0.5,2.746,0.052,12,31,-59,1,-40,1,5745,5775,0,80,11ac,70:3a:cb:8d:fe:3e,"ayushidrawsablank",
2023-12-14,09-22-55.041,0.5,3.093,0.431,12,31,-59,1,-40,1,5745,5775,0,80,11ac,70:3a:cb:8d:fe:3e,"ayushidrawsablank",
2023-12-14,09-22-55.214,0.5,3.062,0.473,12,31,-59,1,-40,1,5745,5775,0,80,11ac,70:3a:cb:8d:fe:3e,"ayushidrawsablank",
2023-12-14,09-22-55.394,0.5,2.707,0.089,11,31,-59,1,-40,1,5745,5775,0,80,11ac,70:3a:cb:8d:fe:3e,"ayushidrawsablank",
2023-12-14,09-18-18.174,*,0,0,0,0,0,0,-40,1,5745,5775,0,80,11ac,70:3a:cb:8d:fe:3e,"ayushidrawsablank",
2023-12-14,09-22-55.749,0.5,2.795,0.061,11,31,-59,1,-40,1,5745,5775,0,80,11ac,70:3a:cb:8d:fe:3e,"ayushidrawsablank",
2023-12-14,09-22-55.924,0.5,2.915,0.062,12,31,-58,1,-40,1,5745,5775,0,80,11ac,70:3a:cb:8d:fe:3e,"ayushidrawsablank",
2023-12-14,09-22-56.092,0.5,3.025,0.396,13,31,-59,1,-40,1,5745,5775,0,80,11ac,70:3a:cb:8d:fe:3e,"ayushidrawsablank",
2023-12-14,09-22-56.264,0.5,3.135,0.184,13,31,-58,1,-40,1,5745,5775,0,80,11ac,70:3a:cb:8d:fe:3e,"ayushidrawsablank",
2023-12-14,09-22-56.437,0.5,3.128,0.312,12,31,-59,1,-40,1,5745,5775,0,80,11ac,70:3a:cb:8d:fe:3e,"ayushidrawsablank",
2023-12-14,09-22-56.621,0.5,2.836,0.073,11,31,-58,1,-40,1,5745,5775,0,80,11ac,70:3a:cb:8d:fe:3e,"ayushidrawsablank",
2023-12-14,09-22-56.797,0.5,2.969,0.263,13,31,-58,1,-40,1,5745,5775,0,80,11ac,70:3a:cb:8d:fe:3e,"ayushidrawsablank",
2023-12-14,09-22-56.961,0.5,2.817,0.108,12,31,-58,1,-40,1,5745,5775,0,80,11ac,70:3a:cb:8d:fe:3e,"ayushidrawsablank",
2023-12-14,09-22-57.137,0.5,2.958,0.088,12,31,-58,1,-40,1,5745,5775,0,80,11ac,70:3a:cb:8d:fe:3e,"ayushidrawsablank",
2023-12-14,09-22-57.308,0.5,3.178,0.152,11,31,-58,1,-40,1,5745,5775,0,80,11ac,70:3a:cb:8d:fe:3e,"ayushidrawsablank",
2023-12-14,09-22-57.489,0.5,3.204,0.465,11,31,-57,1,-40,1,5745,5775,0,80,11ac,70:3a:cb:8d:fe:3e,"ayushidrawsablank",
2023-12-14,09-22-57.651,0.5,2.952,0.132,9,31,-58,1,-40,1,5745,5775,0,80,11ac,70:3a:cb:8d:fe:3e,"ayushidrawsablank",
2023-12-14,09-22-57.826,0.5,2.956,0.311,14,31,-58,1,-40,1,5745,5775,0,80,11ac,70:3a:cb:8d:fe:3e,"ayushidrawsablank",
2023-12-14,09-22-57.992,0.5,2.911,0.15,12,31,-58,1,-40,1,5745,5775,0,80,11ac,70:3a:cb:8d:fe:3e,"ayushidrawsablank",
2023-12-14,09-22-58.169,0.5,2.985,0.095,12,31,-58,1,-40,1,5745,5775,0,80,11ac,70:3a:cb:8d:fe:3e,"ayushidrawsablank",
2023-12-14,09-22-58.341,0.5,2.883,0.087,11,31,-58,1,-40,1,5745,5775,0,80,11ac,70:3a:cb:8d:fe:3e,"ayushidrawsablank",
2023-12-14,09-22-58.504,0.5,3.115,0.211,12,31,-58,1,-40,1,5745,5775,0,80,11ac,70:3a:cb:8d:fe:3e,"ayushidrawsablank",
2023-12-14,09-22-58.670,0.5,3.439,0.791,12,31,-57,1,-40,1,5745,5775,0,80,11ac,70:3a:cb:8d:fe:3e,"ayushidrawsablank",
2023-12-14,09-22-58.841,0.5,3.241,0.256,11,31,-57,1,-40,1,5745,5775,0,80,11ac,70:3a:cb:8d:fe:3e,"ayushidrawsablank",
2023-12-14,09-22-59.028,0.5,4.026,0.769,11,31,-57,1,-40,1,5745,5775,0,80,11ac,70:3a:cb:8d:fe:3e,"ayushidrawsablank",
2023-12-14,09-22-59.191,0.5,3.826,0.563,13,31,-57,1,-40,1,5745,5775,0,80,11ac,70:3a:cb:8d:fe:3e,"ayushidrawsablank",
2023-12-14,09-22-59.363,0.5,2.924,0.198,14,31,-57,1,-40,1,5745,5775,0,80,11ac,70:3a:cb:8d:fe:3e,"ayushidrawsablank",
2023-12-14,09-22-59.531,0.5,2.798,0.083,11,31,-57,1,-40,1,5745,5775,0,80,11ac,70:3a:cb:8d:fe:3e,"ayushidrawsablank",
2023-12-14,09-22-59.711,0.5,2.78,0.149,12,31,-57,1,-40,1,5745,5775,0,80,11ac,70:3a:cb:8d:fe:3e,"ayushidrawsablank",
2023-12-14,09-22-59.889,0.5,2.851,0.173,12,31,-57,1,-40,1,5745,5775,0,80,11ac,70:3a:cb:8d:fe:3e,"ayushidrawsablank",
2023-12-14,09-23-00.048,0.5,3.038,0.437,12,31,-57,1,-40,1,5745,5775,0,80,11ac,70:3a:cb:8d:fe:3e,"ayushidrawsablank",
2023-12-14,09-23-00.193,0.5,2.999,0.223,13,31,-58,1,-40,1,5745,5775,0,80,11ac,70:3a:cb:8d:fe:3e,"ayushidrawsablank",
2023-12-14,09-23-00.363,0.5,2.579,0.403,13,31,-55,1,-40,1,5745,5775,0,80,11ac,70:3a:cb:8d:fe:3e,"ayushidrawsablank",
2023-12-14,09-23-00.526,0.5,2.32,0.046,11,31,-56,1,-40,1,5745,5775,0,80,11ac,70:3a:cb:8d:fe:3e,"ayushidrawsablank",
2023-12-14,09-23-00.736,0.5,2.445,0.093,12,31,-56,1,-40,1,5745,5775,0,80,11ac,70:3a:cb:8d:fe:3e,"ayushidrawsablank",
2023-12-14,09-23-00.919,0.5,2.789,0.521,14,31,-57,1,-40,1,5745,5775,0,80,11ac,70:3a:cb:8d:fe:3e,"ayushidrawsablank",
2023-12-14,09-23-01.096,0.5,2.858,0.503,12,31,-56,1,-40,1,5745,5775,0,80,11ac,70:3a:cb:8d:fe:3e,"ayushidrawsablank",
2023-12-14,09-23-01.269,0.5,2.896,0.567,13,31,-57,1,-40,1,5745,5775,0,80,11ac,70:3a:cb:8d:fe:3e,"ayushidrawsablank",
2023-12-14,09-23-01.448,0.5,2.667,0.132,11,31,-58,1,-40,1,5745,5775,0,80,11ac,70:3a:cb:8d:fe:3e,"ayushidrawsablank",
2023-12-14,09-23-01.614,0.5,2.785,0.128,9,31,-59,1,-40,1,5745,5775,0,80,11ac,70:3a:cb:8d:fe:3e,"ayushidrawsablank",
2023-12-14,09-23-01.777,0.5,2.93,0.087,9,31,-58,1,-40,1,5745,5775,0,80,11ac,70:3a:cb:8d:fe:3e,"ayushidrawsablank",
2023-12-14,09-23-01.957,0.5,3.066,0.294,13,31,-58,1,-40,1,5745,5775,0,80,11ac,70:3a:cb:8d:fe:3e,"ayushidrawsablank",
2023-12-14,09-23-02.128,0.5,2.73,0.077,12,31,-58,1,-40,1,5745,5775,0,80,11ac,70:3a:cb:8d:fe:3e,"ayushidrawsablank",
2023-12-14,09-23-02.300,0.5,2.787,0.134,12,31,-57,1,-40,1,5745,5775,0,80,11ac,70:3a:cb:8d:fe:3e,"ayushidrawsablank",
2023-12-14,09-23-02.460,0.5,2.753,0.137,12,31,-58,1,-40,1,5745,5775,0,80,11ac,70:3a:cb:8d:fe:3e,"ayushidrawsablank",
2023-12-14,09-23-02.639,0.5,2.994,0.348,11,31,-59,1,-40,1,5745,5775,0,80,11ac,70:3a:cb:8d:fe:3e,"ayushidrawsablank",
2023-12-14,09-23-02.808,0.5,2.714,0.046,12,31,-58,1,-40,1,5745,5775,0,80,11ac,70:3a:cb:8d:fe:3e,"ayushidrawsablank",
2023-12-14,09-23-02.987,0.5,2.754,0.102,11,31,-58,1,-40,1,5745,5775,0,80,11ac,70:3a:cb:8d:fe:3e,"ayushidrawsablank",
2023-12-14,09-23-03.157,0.5,2.954,0.308,13,31,-58,1,-40,1,5745,5775,0,80,11ac,70:3a:cb:8d:fe:3e,"ayushidrawsablank",
2023-12-14,09-23-03.335,0.5,2.788,0.083,13,31,-54,1,-40,1,5745,5775,0,80,11ac,70:3a:cb:8d:fe:3e,"ayushidrawsablank",
2023-12-14,09-23-03.503,0.5,2.843,0.159,9,31,-55,1,-40,1,5745,5775,0,80,11ac,70:3a:cb:8d:fe:3e,"ayushidrawsablank",
2023-12-14,09-23-03.681,0.5,3.121,0.367,11,31,-57,1,-40,1,5745,5775,0,80,11ac,70:3a:cb:8d:fe:3e,"ayushidrawsablank",
2023-12-14,09-23-03.849,0.5,2.982,0.374,12,31,-57,1,-40,1,5745,5775,0,80,11ac,70:3a:cb:8d:fe:3e,"ayushidrawsablank",
2023-12-14,09-23-04.021,0.5,2.745,0.125,11,31,-58,1,-40,1,5745,5775,0,80,11ac,70:3a:cb:8d:fe:3e,"ayushidrawsablank",
2023-12-14,09-23-04.195,0.5,2.66,0.034,6,31,-57,1,-40,1,5745,5775,0,80,11ac,70:3a:cb:8d:fe:3e,"ayushidrawsablank",
2023-12-14,09-23-04.361,0.5,2.799,0.18,11,31,-58,1,-40,1,5745,5775,0,80,11ac,70:3a:cb:8d:fe:3e,"ayushidrawsablank",
2023-12-14,09-23-04.537,0.5,2.88,0.323,9,31,-58,1,-40,1,5745,5775,0,80,11ac,70:3a:cb:8d:fe:3e,"ayushidrawsablank",
2023-12-14,09-23-04.709,0.5,2.494,0.12,10,31,-58,1,-40,1,5745,5775,0,80,11ac,70:3a:cb:8d:fe:3e,"ayushidrawsablank",
2023-12-14,09-23-04.887,0.5,2.951,0.361,13,31,-57,1,-40,1,5745,5775,0,80,11ac,70:3a:cb:8d:fe:3e,"ayushidrawsablank",
2023-12-14,09-23-05.055,0.5,2.83,0.301,13,31,-57,1,-40,1,5745,5775,0,80,11ac,70:3a:cb:8d:fe:3e,"ayushidrawsablank",
2023-12-14,09-23-05.229,0.5,2.869,0.361,11,31,-57,1,-40,1,5745,5775,0,80,11ac,70:3a:cb:8d:fe:3e,"ayushidrawsablank",
2023-12-14,09-23-05.401,0.5,2.619,0.069,12,31,-57,1,-40,1,5745,5775,0,80,11ac,70:3a:cb:8d:fe:3e,"ayushidrawsablank",
2023-12-14,09-23-05.567,0.5,2.773,0.225,11,31,-56,1,-40,1,5745,5775,0,80,11ac,70:3a:cb:8d:fe:3e,"ayushidrawsablank",
2023-12-14,09-23-05.745,0.5,2.817,0.164,11,31,-56,1,-40,1,5745,5775,0,80,11ac,70:3a:cb:8d:fe:3e,"ayushidrawsablank",
2023-12-14,09-23-05.921,0.5,2.958,0.395,12,31,-57,1,-40,1,5745,5775,0,80,11ac,70:3a:cb:8d:fe:3e,"ayushidrawsablank",
2023-12-14,09-23-06.089,0.5,2.884,0.253,8,31,-58,1,-40,1,5745,5775,0,80,11ac,70:3a:cb:8d:fe:3e,"ayushidrawsablank",
2023-12-14,09-23-06.256,0.5,2.732,0.269,10,31,-57,1,-40,1,5745,5775,0,80,11ac,70:3a:cb:8d:fe:3e,"ayushidrawsablank",
2023-12-14,09-23-06.422,0.5,2.636,0.04,9,31,-57,1,-40,1,5745,5775,0,80,11ac,70:3a:cb:8d:fe:3e,"ayushidrawsablank",
2023-12-14,09-23-06.596,0.5,2.792,0.258,12,31,-57,1,-40,1,5745,5775,0,80,11ac,70:3a:cb:8d:fe:3e,"ayushidrawsablank",
2023-12-14,09-23-06.768,0.5,2.736,0.101,9,31,-56,1,-40,1,5745,5775,0,80,11ac,70:3a:cb:8d:fe:3e,"ayushidrawsablank",
2023-12-14,09-23-06.942,0.5,2.703,0.055,10,31,-57,1,-40,1,5745,5775,0,80,11ac,70:3a:cb:8d:fe:3e,"ayushidrawsablank",
2023-12-14,09-23-07.114,0.5,2.955,0.519,12,31,-55,1,-40,1,5745,5775,0,80,11ac,70:3a:cb:8d:fe:3e,"ayushidrawsablank",
2023-12-14,09-23-07.285,0.5,2.631,0.081,10,31,-56,1,-40,1,5745,5775,0,80,11ac,70:3a:cb:8d:fe:3e,"ayushidrawsablank",
2023-12-14,09-23-07.459,0.5,2.853,0.361,12,31,-55,1,-40,1,5745,5775,0,80,11ac,70:3a:cb:8d:fe:3e,"ayushidrawsablank",
2023-12-14,09-23-07.622,0.5,2.526,0.078,7,31,-57,1,-40,1,5745,5775,0,80,11ac,70:3a:cb:8d:fe:3e,"ayushidrawsablank",
2023-12-14,09-23-07.787,0.5,2.878,0.509,10,31,-56,1,-40,1,5745,5775,0,80,11ac,70:3a:cb:8d:fe:3e,"ayushidrawsablank",
2023-12-14,09-23-07.963,0.5,2.642,0.087,9,31,-56,1,-40,1,5745,5775,0,80,11ac,70:3a:cb:8d:fe:3e,"ayushidrawsablank",
2023-12-14,09-23-08.127,0.5,2.585,0.116,10,31,-57,1,-40,1,5745,5775,0,80,11ac,70:3a:cb:8d:fe:3e,"ayushidrawsablank",
2023-12-14,09-23-08.293,0.5,2.832,0.171,12,31,-56,1,-40,1,5745,5775,0,80,11ac,70:3a:cb:8d:fe:3e,"ayushidrawsablank",
2023-12-14,09-23-08.482,0.5,2.885,0.078,10,31,-55,1,-40,1,5745,5775,0,80,11ac,70:3a:cb:8d:fe:3e,"ayushidrawsablank",
2023-12-14,09-23-08.660,0.5,2.529,0.334,10,31,-56,1,-40,1,5745,5775,0,80,11ac,70:3a:cb:8d:fe:3e,"ayushidrawsablank",
2023-12-14,09-23-08.834,0.5,2.873,0.076,10,31,-56,1,-40,1,5745,5775,0,80,11ac,70:3a:cb:8d:fe:3e,"ayushidrawsablank",
2023-12-14,09-18-18.175,*,0,0,0,0,0,0,-40,1,5745,5775,0,80,11ac,70:3a:cb:8d:fe:3e,"ayushidrawsablank",
2023-12-14,09-23-09.189,0.5,2.898,0.097,12,31,-55,1,-40,1,5745,5775,0,80,11ac,70:3a:cb:8d:fe:3e,"ayushidrawsablank",
2023-12-14,09-23-09.363,0.5,3.01,0.139,12,31,-56,1,-40,1,5745,5775,0,80,11ac,70:3a:cb:8d:fe:3e,"ayushidrawsablank",
2023-12-14,09-23-09.539,0.5,2.895,0.033,7,31,-56,1,-40,1,5745,5775,0,80,11ac,70:3a:cb:8d:fe:3e,"ayushidrawsablank",
2023-12-14,09-23-09.710,0.5,2.854,0.194,12,31,-53,1,-40,1,5745,5775,0,80,11ac,70:3a:cb:8d:fe:3e,"ayushidrawsablank",
2023-12-14,09-23-09.877,0.5,2.929,0.064,11,31,-53,1,-40,1,5745,5775,0,80,11ac,70:3a:cb:8d:fe:3e,"ayushidrawsablank",
2023-12-14,09-23-10.053,0.5,2.897,0.198,11,31,-55,1,-40,1,5745,5775,0,80,11ac,70:3a:cb:8d:fe:3e,"ayushidrawsablank",
2023-12-14,09-23-10.223,0.5,2.932,0.178,10,31,-56,1,-40,1,5745,5775,0,80,11ac,70:3a:cb:8d:fe:3e,"ayushidrawsablank",
2023-12-14,09-23-10.400,0.5,2.902,0.282,7,31,-56,1,-40,1,5745,5775,0,80,11ac,70:3a:cb:8d:fe:3e,"ayushidrawsablank",
2023-12-14,09-23-10.571,0.5,3.354,0.377,9,31,-56,1,-40,1,5745,5775,0,80,11ac,70:3a:cb:8d:fe:3e,"ayushidrawsablank",
2023-12-14,09-23-10.739,0.5,3.016,0.755,11,31,-57,1,-40,1,5745,5775,0,80,11ac,70:3a:cb:8d:fe:3e,"ayushidrawsablank",
2023-12-14,09-23-10.908,0.5,2.837,0.108,10,31,-52,1,-40,1,5745,5775,0,80,11ac,70:3a:cb:8d:fe:3e,"ayushidrawsablank",
2023-12-14,09-23-11.079,0.5,2.775,0.107,8,31,-52,1,-40,1,5745,5775,0,80,11ac,70:3a:cb:8d:fe:3e,"ayushidrawsablank",
2023-12-14,09-23-11.258,0.5,3.249,0.152,10,31,-54,1,-40,1,5745,5775,0,80,11ac,70:3a:cb:8d:fe:3e,"ayushidrawsablank",
2023-12-14,09-23-11.429,0.5,3.267,0.203,10,31,-56,1,-40,1,5745,5775,0,80,11ac,70:3a:cb:8d:fe:3e,"ayushidrawsablank",
2023-12-14,09-23-11.602,0.5,2.483,0.127,9,31,-59,1,-40,1,5745,5775,0,80,11ac,70:3a:cb:8d:fe:3e,"ayushidrawsablank",
2023-12-14,09-23-11.781,0.5,2.478,0.124,9,31,-57,1,-40,1,5745,5775,0,80,11ac,70:3a:cb:8d:fe:3e,"ayushidrawsablank",
2023-12-14,09-23-11.955,0.5,2.486,0.077,10,31,-57,1,-40,1,5745,5775,0,80,11ac,70:3a:cb:8d:fe:3e,"ayushidrawsablank",
2023-12-14,09-23-12.125,0.5,2.339,0.114,9,31,-57,1,-40,1,5745,5775,0,80,11ac,70:3a:cb:8d:fe:3e,"ayushidrawsablank",
2023-12-14,09-23-12.306,0.5,2.471,0.038,10,31,-58,1,-40,1,5745,5775,0,80,11ac,70:3a:cb:8d:fe:3e,"ayushidrawsablank",
2023-12-14,09-23-12.467,0.5,2.391,0.099,12,31,-57,1,-40,1,5745,5775,0,80,11ac,70:3a:cb:8d:fe:3e,"ayushidrawsablank",
UP1A.231105.003,Google,Pixel 7a,34,14,REL,23.08.18,230818,release