Date,Time,Truth,Distance,St Dev,Successes,Attempts,RSSI(range),RTT(range),RSSI(scan),RTT(scan),Frequency,CenterFreq0,CenterFreq1,BW,Standard,BSSID,SSID,e0,e1,
2024-02-23,17-45-39.010,0.5,14.52,0.137,5,31,-66,1,-60,1,5745,5775,0,80,11ac,9c:4f:5f:4c:36:04,"rtt-magic",5745,16,
2024-02-23,17-45-39.168,0.5,14.631,0.123,10,31,-66,1,-60,1,5745,5775,0,80,11ac,9c:4f:5f:4c:36:04,"rtt-magic",5745,16,
2024-02-23,17-45-39.319,0.5,14.386,0,5,31,-66,1,-60,1,5745,5775,0,80,11ac,9c:4f:5f:4c:36:04,"rtt-magic",5745,16,
2024-02-23,17-45-39.468,0.5,14.532,0.116,4,31,-67,1,-60,1,5745,5775,0,80,11ac,9c:4f:5f:4c:36:04,"rtt-magic",5745,16,
2024-02-23,17-45-39.615,0.5,14.557,0.132,12,31,-67,1,-60,1,5745,5775,0,80,11ac,9c:4f:5f:4c:36:04,"rtt-magic",5745,16,
2024-02-23,17-45-39.758,0.5,14.469,0.124,8,31,-67,1,-60,1,5745,5775,0,80,11ac,9c:4f:5f:4c:36:04,"rtt-magic",5745,16,
2024-02-23,17-45-39.933,0.5,14.58,0.145,7,31,-66,1,-60,1,5745,5775,0,80,11ac,9c:4f:5f:4c:36:04,"rtt-magic",5745,16,
2024-02-23,17-45-40.086,0.5,14.527,0.178,7,31,-66,1,-60,1,5745,5775,0,80,11ac,9c:4f:5f:4c:36:04,"rtt-magic",5745,16,
2024-02-23,17-45-40.245,0.5,14.613,0.13,12,31,-67,1,-60,1,5745,5775,0,80,11ac,9c:4f:5f:4c:36:04,"rtt-magic",5745,16,
2024-02-23,17-45-40.411,0.5,14.57,0.115,14,31,-66,1,-60,1,5745,5775,0,80,11ac,9c:4f:5f:4c:36:04,"rtt-magic",5745,16,
2024-02-23,17-45-40.572,0.5,14.493,0.149,8,31,-66,1,-60,1,5745,5775,0,80,11ac,9c:4f:5f:4c:36:04,"rtt-magic",5745,16,
2024-02-23,17-45-40.726,0.5,14.664,0.055,12,31,-67,1,-60,1,5745,5775,0,80,11ac,9c:4f:5f:4c:36:04,"rtt-magic",5745,16,
2024-02-23,17-45-40.904,0.5,14.569,0.08,10,31,-66,1,-60,1,5745,5775,0,80,11ac,9c:4f:5f:4c:36:04,"rtt-magic",5745,16,
2024-02-23,17-45-41.065,0.5,14.568,0.144,12,31,-66,1,-60,1,5745,5775,0,80,11ac,9c:4f:5f:4c:36:04,"rtt-magic",5745,16,
2024-02-23,17-45-41.235,0.5,14.514,0.147,9,31,-66,1,-60,1,5745,5775,0,80,11ac,9c:4f:5f:4c:36:04,"rtt-magic",5745,16,
2024-02-23,17-45-41.398,0.5,14.557,0.131,9,31,-66,1,-60,1,5745,5775,0,80,11ac,9c:4f:5f:4c:36:04,"rtt-magic",5745,16,
2024-02-23,17-45-41.549,0.5,14.567,0.106,9,31,-66,1,-60,1,5745,5775,0,80,11ac,9c:4f:5f:4c:36:04,"rtt-magic",5745,16,
2024-02-23,17-45-41.721,0.5,14.616,0.139,12,31,-66,1,-60,1,5745,5775,0,80,11ac,9c:4f:5f:4c:36:04,"rtt-magic",5745,16,
2024-02-23,17-45-41.879,0.5,14.56,0.165,12,31,-66,1,-60,1,5745,5775,0,80,11ac,9c:4f:5f:4c:36:04,"rtt-magic",5745,16,
2024-02-23,17-45-42.039,0.5,14.625,0.108,11,31,-66,1,-60,1,5745,5775,0,80,11ac,9c:4f:5f:4c:36:04,"rtt-magic",5745,16,
2024-02-23,17-45-42.196,0.5,14.449,0.141,11,31,-66,1,-60,1,5745,5775,0,80,11ac,9c:4f:5f:4c:36:04,"rtt-magic",5745,16,
2024-02-23,17-45-42.367,0.5,14.535,0.095,12,31,-66,1,-60,1,5745,5775,0,80,11ac,9c:4f:5f:4c:36:04,"rtt-magic",5745,16,
2024-02-23,17-45-42.526,0.5,14.541,0.112,10,31,-66,1,-60,1,5745,5775,0,80,11ac,9c:4f:5f:4c:36:04,"rtt-magic",5745,16,
2024-02-23,17-45-42.688,0.5,14.598,0.142,14,31,-66,1,-60,1,5745,5775,0,80,11ac,9c:4f:5f:4c:36:04,"rtt-magic",5745,16,
2024-02-23,17-45-42.839,0.5,14.557,0.196,7,31,-66,1,-60,1,5745,5775,0,80,11ac,9c:4f:5f:4c:36:04,"rtt-magic",5745,16,
2024-02-23,17-45-43.003,0.5,14.635,0.102,12,31,-66,1,-60,1,5745,5775,0,80,11ac,9c:4f:5f:4c:36:04,"rtt-magic",5745,16,
2024-02-23,17-45-43.160,0.5,14.58,0.178,12,31,-66,1,-60,1,5745,5775,0,80,11ac,9c:4f:5f:4c:36:04,"rtt-magic",5745,16,
2024-02-23,17-45-43.350,0.5,14.638,0.09,12,31,-66,1,-60,1,5745,5775,0,80,11ac,9c:4f:5f:4c:36:04,"rtt-magic",5745,16,
2024-02-23,17-45-43.523,0.5,14.537,0.162,10,31,-66,1,-60,1,5745,5775,0,80,11ac,9c:4f:5f:4c:36:04,"rtt-magic",5745,16,
2024-02-23,17-45-43.683,0.5,14.532,0.184,8,31,-66,1,-60,1,5745,5775,0,80,11ac,9c:4f:5f:4c:36:04,"rtt-magic",5745,16,
2024-02-23,17-45-43.853,0.5,14.577,0.12,14,31,-66,1,-60,1,5745,5775,0,80,11ac,9c:4f:5f:4c:36:04,"rtt-magic",5745,16,
2024-02-23,17-45-44.019,0.5,14.63,0.137,10,31,-66,1,-60,1,5745,5775,0,80,11ac,9c:4f:5f:4c:36:04,"rtt-magic",5745,16,
2024-02-23,17-45-44.184,0.5,14.532,0.154,10,31,-66,1,-60,1,5745,5775,0,80,11ac,9c:4f:5f:4c:36:04,"rtt-magic",5745,16,
2024-02-23,17-45-44.356,0.5,14.5,0.185,12,31,-66,1,-60,1,5745,5775,0,80,11ac,9c:4f:5f:4c:36:04,"rtt-magic",5745,16,
2024-02-23,17-45-44.513,0.5,14.461,0.067,10,31,-66,1,-60,1,5745,5775,0,80,11ac,9c:4f:5f:4c:36:04,"rtt-magic",5745,16,
2024-02-23,17-45-44.667,0.5,14.538,0.196,12,31,-66,1,-60,1,5745,5775,0,80,11ac,9c:4f:5f:4c:36:04,"rtt-magic",5745,16,
2024-02-23,17-45-44.830,0.5,14.654,0.157,12,31,-66,1,-60,1,5745,5775,0,80,11ac,9c:4f:5f:4c:36:04,"rtt-magic",5745,16,
2024-02-23,17-45-45.014,0.5,14.555,0.173,14,31,-66,1,-60,1,5745,5775,0,80,11ac,9c:4f:5f:4c:36:04,"rtt-magic",5745,16,
2024-02-23,17-45-45.171,0.5,14.602,0.151,12,31,-66,1,-60,1,5745,5775,0,80,11ac,9c:4f:5f:4c:36:04,"rtt-magic",5745,16,
2024-02-23,17-45-45.333,0.5,14.573,0.171,13,31,-66,1,-60,1,5745,5775,0,80,11ac,9c:4f:5f:4c:36:04,"rtt-magic",5745,16,
2024-02-23,17-45-45.489,0.5,14.413,0.161,8,31,-66,1,-60,1,5745,5775,0,80,11ac,9c:4f:5f:4c:36:04,"rtt-magic",5745,16,
2024-02-23,17-45-45.653,0.5,14.574,0.15,14,31,-66,1,-60,1,5745,5775,0,80,11ac,9c:4f:5f:4c:36:04,"rtt-magic",5745,16,
2024-02-23,17-45-45.821,0.5,14.59,0.097,9,31,-66,1,-60,1,5745,5775,0,80,11ac,9c:4f:5f:4c:36:04,"rtt-magic",5745,16,
2024-02-23,17-45-45.983,0.5,14.51,0.16,8,31,-66,1,-60,1,5745,5775,0,80,11ac,9c:4f:5f:4c:36:04,"rtt-magic",5745,16,
2024-02-23,17-45-46.136,0.5,14.494,0.206,7,31,-66,1,-60,1,5745,5775,0,80,11ac,9c:4f:5f:4c:36:04,"rtt-magic",5745,16,
2024-02-23,17-45-46.295,0.5,14.508,0.122,9,31,-66,1,-60,1,5745,5775,0,80,11ac,9c:4f:5f:4c:36:04,"rtt-magic",5745,16,
2024-02-23,17-45-46.449,0.5,14.578,0.102,6,31,-66,1,-60,1,5745,5775,0,80,11ac,9c:4f:5f:4c:36:04,"rtt-magic",5745,16,
2024-02-23,17-45-46.627,0.5,14.575,0.109,8,31,-66,1,-60,1,5745,5775,0,80,11ac,9c:4f:5f:4c:36:04,"rtt-magic",5745,16,
2024-02-23,17-45-46.795,0.5,14.519,0.108,4,31,-66,1,-60,1,5745,5775,0,80,11ac,9c:4f:5f:4c:36:04,"rtt-magic",5745,16,
2024-02-23,17-45-46.955,0.5,14.621,0.133,6,31,-66,1,-60,1,5745,5775,0,80,11ac,9c:4f:5f:4c:36:04,"rtt-magic",5745,16,
2024-02-23,17-45-47.101,0.5,14.552,0.161,7,31,-66,1,-60,1,5745,5775,0,80,11ac,9c:4f:5f:4c:36:04,"rtt-magic",5745,16,
2024-02-23,17-45-47.258,0.5,14.534,0.159,9,31,-66,1,-60,1,5745,5775,0,80,11ac,9c:4f:5f:4c:36:04,"rtt-magic",5745,16,
2024-02-23,17-45-47.422,0.5,14.629,0.044,9,31,-66,1,-60,1,5745,5775,0,80,11ac,9c:4f:5f:4c:36:04,"rtt-magic",5745,16,
2024-02-23,17-45-47.584,0.5,14.442,0.18,3,31,-66,1,-60,1,5745,5775,0,80,11ac,9c:4f:5f:4c:36:04,"rtt-magic",5745,16,
2024-02-23,17-45-47.748,0.5,14.586,0.064,2,31,-66,1,-60,1,5745,5775,0,80,11ac,9c:4f:5f:4c:36:04,"rtt-magic",5745,16,
2024-02-23,17-45-47.937,0.5,14.601,0.129,10,31,-66,1,-60,1,5745,5775,0,80,11ac,9c:4f:5f:4c:36:04,"rtt-magic",5745,16,
2024-02-23,17-45-48.094,0.5,14.625,0.064,11,31,-66,1,-60,1,5745,5775,0,80,11ac,9c:4f:5f:4c:36:04,"rtt-magic",5745,16,
2024-02-23,17-45-48.258,0.5,14.596,0.076,14,31,-66,1,-60,1,5745,5775,0,80,11ac,9c:4f:5f:4c:36:04,"rtt-magic",5745,16,
2024-02-23,17-45-48.421,0.5,14.514,0.103,10,31,-66,1,-60,1,5745,5775,0,80,11ac,9c:4f:5f:4c:36:04,"rtt-magic",5745,16,
2024-02-23,17-45-48.606,0.5,14.442,0.156,11,31,-66,1,-60,1,5745,5775,0,80,11ac,9c:4f:5f:4c:36:04,"rtt-magic",5745,16,
2024-02-23,17-45-48.762,0.5,14.547,0.175,8,31,-66,1,-60,1,5745,5775,0,80,11ac,9c:4f:5f:4c:36:04,"rtt-magic",5745,16,
2024-02-23,17-45-48.941,0.5,14.596,0.168,11,31,-66,1,-60,1,5745,5775,0,80,11ac,9c:4f:5f:4c:36:04,"rtt-magic",5745,16,
2024-02-23,17-45-49.115,0.5,14.454,0.154,5,31,-66,1,-60,1,5745,5775,0,80,11ac,9c:4f:5f:4c:36:04,"rtt-magic",5745,16,
2024-02-23,17-45-49.266,0.5,14.449,0.171,8,31,-66,1,-60,1,5745,5775,0,80,11ac,9c:4f:5f:4c:36:04,"rtt-magic",5745,16,
2024-02-23,17-45-49.444,0.5,14.591,0.091,9,31,-66,1,-60,1,5745,5775,0,80,11ac,9c:4f:5f:4c:36:04,"rtt-magic",5745,16,
2024-02-23,17-45-49.619,0.5,14.455,0.115,8,31,-67,1,-60,1,5745,5775,0,80,11ac,9c:4f:5f:4c:36:04,"rtt-magic",5745,16,
2024-02-23,17-45-49.792,0.5,14.629,0,4,31,-67,1,-60,1,5745,5775,0,80,11ac,9c:4f:5f:4c:36:04,"rtt-magic",5745,16,
2024-02-23,17-45-49.943,0.5,14.511,0.124,10,31,-66,1,-60,1,5745,5775,0,80,11ac,9c:4f:5f:4c:36:04,"rtt-magic",5745,16,
2024-02-23,17-45-50.088,0.5,14.59,0.096,11,31,-66,1,-60,1,5745,5775,0,80,11ac,9c:4f:5f:4c:36:04,"rtt-magic",5745,16,
2024-02-23,17-45-50.224,0.5,14.55,0.136,7,31,-66,1,-60,1,5745,5775,0,80,11ac,9c:4f:5f:4c:36:04,"rtt-magic",5745,16,
2024-02-23,17-45-50.358,0.5,14.563,0.11,11,31,-66,1,-60,1,5745,5775,0,80,11ac,9c:4f:5f:4c:36:04,"rtt-magic",5745,16,
2024-02-23,17-45-50.509,0.5,14.529,0.183,12,31,-66,1,-60,1,5745,5775,0,80,11ac,9c:4f:5f:4c:36:04,"rtt-magic",5745,16,
2024-02-23,17-45-50.669,0.5,14.547,0.116,11,31,-66,1,-60,1,5745,5775,0,80,11ac,9c:4f:5f:4c:36:04,"rtt-magic",5745,16,
2024-02-23,17-45-50.834,0.5,14.61,0.065,14,31,-66,1,-60,1,5745,5775,0,80,11ac,9c:4f:5f:4c:36:04,"rtt-magic",5745,16,
2024-02-23,17-45-51.000,0.5,14.56,0.119,12,31,-66,1,-60,1,5745,5775,0,80,11ac,9c:4f:5f:4c:36:04,"rtt-magic",5745,16,
2024-02-23,17-45-51.168,0.5,14.584,0.109,12,31,-66,1,-60,1,5745,5775,0,80,11ac,9c:4f:5f:4c:36:04,"rtt-magic",5745,16,
2024-02-23,17-45-51.316,0.5,14.492,0.083,11,31,-66,1,-60,1,5745,5775,0,80,11ac,9c:4f:5f:4c:36:04,"rtt-magic",5745,16,
2024-02-23,17-45-51.502,0.5,14.46,0.197,10,31,-66,1,-60,1,5745,5775,0,80,11ac,9c:4f:5f:4c:36:04,"rtt-magic",5745,16,
2024-02-23,17-45-51.667,0.5,14.629,0.111,11,31,-66,1,-60,1,5745,5775,0,80,11ac,9c:4f:5f:4c:36:04,"rtt-magic",5745,16,
2024-02-23,17-45-51.835,0.5,14.662,0.117,10,31,-66,1,-60,1,5745,5775,0,80,11ac,9c:4f:5f:4c:36:04,"rtt-magic",5745,16,
2024-02-23,17-45-52.002,0.5,14.623,0.124,14,31,-66,1,-60,1,5745,5775,0,80,11ac,9c:4f:5f:4c:36:04,"rtt-magic",5745,16,
2024-02-23,17-45-52.189,0.5,14.544,0.137,9,31,-66,1,-60,1,5745,5775,0,80,11ac,9c:4f:5f:4c:36:04,"rtt-magic",5745,16,
2024-02-23,17-45-52.333,0.5,14.625,0.069,10,31,-66,1,-60,1,5745,5775,0,80,11ac,9c:4f:5f:4c:36:04,"rtt-magic",5745,16,
2024-02-23,17-45-52.481,0.5,14.618,0.119,8,31,-66,1,-60,1,5745,5775,0,80,11ac,9c:4f:5f:4c:36:04,"rtt-magic",5745,16,
2024-02-23,17-45-52.645,0.5,14.637,0.139,11,31,-66,1,-60,1,5745,5775,0,80,11ac,9c:4f:5f:4c:36:04,"rtt-magic",5745,16,
2024-02-23,17-45-52.791,0.5,14.618,0.149,13,31,-66,1,-60,1,5745,5775,0,80,11ac,9c:4f:5f:4c:36:04,"rtt-magic",5745,16,
2024-02-23,17-45-52.954,0.5,14.419,0.121,8,31,-66,1,-60,1,5745,5775,0,80,11ac,9c:4f:5f:4c:36:04,"rtt-magic",5745,16,
2024-02-23,17-45-53.122,0.5,14.589,0.211,8,31,-66,1,-60,1,5745,5775,0,80,11ac,9c:4f:5f:4c:36:04,"rtt-magic",5745,16,
2024-02-23,17-45-53.279,0.5,14.532,0.151,10,31,-66,1,-60,1,5745,5775,0,80,11ac,9c:4f:5f:4c:36:04,"rtt-magic",5745,16,
2024-02-23,17-45-53.443,0.5,14.592,0.141,12,31,-66,1,-60,1,5745,5775,0,80,11ac,9c:4f:5f:4c:36:04,"rtt-magic",5745,16,
2024-02-23,17-45-53.596,0.5,14.6,0.134,9,31,-66,1,-60,1,5745,5775,0,80,11ac,9c:4f:5f:4c:36:04,"rtt-magic",5745,16,
2024-02-23,17-45-53.763,0.5,14.64,0.031,8,31,-66,1,-60,1,5745,5775,0,80,11ac,9c:4f:5f:4c:36:04,"rtt-magic",5745,16,
2024-02-23,17-45-53.925,0.5,14.589,0.122,10,31,-66,1,-60,1,5745,5775,0,80,11ac,9c:4f:5f:4c:36:04,"rtt-magic",5745,16,
2024-02-23,17-45-54.085,0.5,14.525,0.127,13,31,-66,1,-60,1,5745,5775,0,80,11ac,9c:4f:5f:4c:36:04,"rtt-magic",5745,16,
2024-02-23,17-45-54.249,0.5,14.512,0.175,13,31,-66,1,-60,1,5745,5775,0,80,11ac,9c:4f:5f:4c:36:04,"rtt-magic",5745,16,
2024-02-23,17-45-54.405,0.5,14.636,0.103,13,31,-66,1,-60,1,5745,5775,0,80,11ac,9c:4f:5f:4c:36:04,"rtt-magic",5745,16,
2024-02-23,17-45-54.581,0.5,14.595,0.119,7,31,-67,1,-60,1,5745,5775,0,80,11ac,9c:4f:5f:4c:36:04,"rtt-magic",5745,16,
2024-02-23,17-45-54.750,0.5,14.558,0.2,14,31,-66,1,-60,1,5745,5775,0,80,11ac,9c:4f:5f:4c:36:04,"rtt-magic",5745,16,
2024-02-23,17-45-54.902,0.5,14.478,0.071,10,31,-66,1,-60,1,5745,5775,0,80,11ac,9c:4f:5f:4c:36:04,"rtt-magic",5745,16,
2024-02-23,17-45-55.048,0.5,14.6,0.073,11,31,-66,1,-60,1,5745,5775,0,80,11ac,9c:4f:5f:4c:36:04,"rtt-magic",5745,16,
2024-02-23,17-45-55.176,0.5,14.54,0.149,11,31,-66,1,-60,1,5745,5775,0,80,11ac,9c:4f:5f:4c:36:04,"rtt-magic",5745,16,
2024-02-23,17-45-55.355,0.5,14.662,0.082,7,31,-67,1,-60,1,5745,5775,0,80,11ac,9c:4f:5f:4c:36:04,"rtt-magic",5745,16,
2024-02-23,17-45-55.528,0.5,14.608,0.132,10,31,-67,1,-60,1,5745,5775,0,80,11ac,9c:4f:5f:4c:36:04,"rtt-magic",5745,16,
2024-02-23,17-45-55.692,0.5,14.556,0.2,8,31,-66,1,-60,1,5745,5775,0,80,11ac,9c:4f:5f:4c:36:04,"rtt-magic",5745,16,
2024-02-23,17-45-55.857,0.5,14.601,0.082,8,31,-66,1,-60,1,5745,5775,0,80,11ac,9c:4f:5f:4c:36:04,"rtt-magic",5745,16,
2024-02-23,17-45-56.021,0.5,14.592,0.132,11,31,-66,1,-60,1,5745,5775,0,80,11ac,9c:4f:5f:4c:36:04,"rtt-magic",5745,16,
2024-02-23,17-45-56.193,0.5,14.565,0.184,11,31,-66,1,-60,1,5745,5775,0,80,11ac,9c:4f:5f:4c:36:04,"rtt-magic",5745,16,
2024-02-23,17-45-56.362,0.5,14.613,0.172,6,31,-66,1,-60,1,5745,5775,0,80,11ac,9c:4f:5f:4c:36:04,"rtt-magic",5745,16,
2024-02-23,17-45-56.532,0.5,14.605,0.119,7,31,-66,1,-60,1,5745,5775,0,80,11ac,9c:4f:5f:4c:36:04,"rtt-magic",5745,16,
2024-02-23,17-45-56.701,0.5,14.496,0.076,6,31,-66,1,-60,1,5745,5775,0,80,11ac,9c:4f:5f:4c:36:04,"rtt-magic",5745,16,
2024-02-23,17-45-56.875,0.5,14.6,0.166,10,31,-66,1,-60,1,5745,5775,0,80,11ac,9c:4f:5f:4c:36:04,"rtt-magic",5745,16,
2024-02-23,17-45-57.032,0.5,14.579,0.127,9,31,-66,1,-60,1,5745,5775,0,80,11ac,9c:4f:5f:4c:36:04,"rtt-magic",5745,16,
2024-02-23,17-45-57.207,0.5,14.641,0.115,8,31,-66,1,-60,1,5745,5775,0,80,11ac,9c:4f:5f:4c:36:04,"rtt-magic",5745,16,
2024-02-23,17-45-57.374,0.5,14.635,0.166,14,31,-66,1,-60,1,5745,5775,0,80,11ac,9c:4f:5f:4c:36:04,"rtt-magic",5745,16,
2024-02-23,17-45-57.536,0.5,14.564,0.093,12,31,-66,1,-60,1,5745,5775,0,80,11ac,9c:4f:5f:4c:36:04,"rtt-magic",5745,16,
2024-02-23,17-45-57.712,0.5,14.616,0.104,9,31,-66,1,-60,1,5745,5775,0,80,11ac,9c:4f:5f:4c:36:04,"rtt-magic",5745,16,
2024-02-23,17-45-57.881,0.5,14.617,0.122,12,31,-66,1,-60,1,5745,5775,0,80,11ac,9c:4f:5f:4c:36:04,"rtt-magic",5745,16,
2024-02-23,17-45-58.045,0.5,14.498,0.138,10,31,-66,1,-60,1,5745,5775,0,80,11ac,9c:4f:5f:4c:36:04,"rtt-magic",5745,16,
2024-02-23,17-45-58.198,0.5,14.591,0.138,11,31,-66,1,-60,1,5745,5775,0,80,11ac,9c:4f:5f:4c:36:04,"rtt-magic",5745,16,
2024-02-23,17-45-58.351,0.5,14.467,0.133,7,31,-66,1,-60,1,5745,5775,0,80,11ac,9c:4f:5f:4c:36:04,"rtt-magic",5745,16,
2024-02-23,17-45-58.522,0.5,14.496,0.086,8,31,-66,1,-60,1,5745,5775,0,80,11ac,9c:4f:5f:4c:36:04,"rtt-magic",5745,16,
2024-02-23,17-45-58.690,0.5,14.624,0.119,14,31,-66,1,-60,1,5745,5775,0,80,11ac,9c:4f:5f:4c:36:04,"rtt-magic",5745,16,
2024-02-23,17-45-58.870,0.5,14.451,0.179,12,31,-66,1,-60,1,5745,5775,0,80,11ac,9c:4f:5f:4c:36:04,"rtt-magic",5745,16,
2024-02-23,17-45-59.036,0.5,14.557,0.115,10,31,-66,1,-60,1,5745,5775,0,80,11ac,9c:4f:5f:4c:36:04,"rtt-magic",5745,16,
2024-02-23,17-45-59.195,0.5,14.581,0.111,8,31,-66,1,-60,1,5745,5775,0,80,11ac,9c:4f:5f:4c:36:04,"rtt-magic",5745,16,
2024-02-23,17-45-59.359,0.5,14.592,0.143,11,31,-66,1,-60,1,5745,5775,0,80,11ac,9c:4f:5f:4c:36:04,"rtt-magic",5745,16,
2024-02-23,17-45-59.525,0.5,14.585,0.08,12,31,-66,1,-60,1,5745,5775,0,80,11ac,9c:4f:5f:4c:36:04,"rtt-magic",5745,16,
2024-02-23,17-45-59.681,0.5,14.616,0.1,12,31,-66,1,-60,1,5745,5775,0,80,11ac,9c:4f:5f:4c:36:04,"rtt-magic",5745,16,
2024-02-23,17-45-59.851,0.5,14.61,0.097,11,31,-67,1,-60,1,5745,5775,0,80,11ac,9c:4f:5f:4c:36:04,"rtt-magic",5745,16,
2024-02-23,17-46-00.012,0.5,14.613,0.079,14,31,-66,1,-60,1,5745,5775,0,80,11ac,9c:4f:5f:4c:36:04,"rtt-magic",5745,16,
2024-02-23,17-46-00.167,0.5,14.552,0.137,6,31,-66,1,-60,1,5745,5775,0,80,11ac,9c:4f:5f:4c:36:04,"rtt-magic",5745,16,
2024-02-23,17-46-00.321,0.5,14.528,0,7,31,-66,1,-60,1,5745,5775,0,80,11ac,9c:4f:5f:4c:36:04,"rtt-magic",5745,16,
2024-02-23,17-46-00.488,0.5,14.608,0.13,14,31,-66,1,-60,1,5745,5775,0,80,11ac,9c:4f:5f:4c:36:04,"rtt-magic",5745,16,
2024-02-23,17-46-00.649,0.5,14.471,0.188,14,31,-67,1,-60,1,5745,5775,0,80,11ac,9c:4f:5f:4c:36:04,"rtt-magic",5745,16,
2024-02-23,17-46-00.805,0.5,14.567,0.191,11,31,-66,1,-60,1,5745,5775,0,80,11ac,9c:4f:5f:4c:36:04,"rtt-magic",5745,16,
2024-02-23,17-46-00.964,0.5,14.645,0.049,4,31,-66,1,-60,1,5745,5775,0,80,11ac,9c:4f:5f:4c:36:04,"rtt-magic",5745,16,
2024-02-23,17-46-01.108,0.5,14.668,0.096,10,31,-66,1,-60,1,5745,5775,0,80,11ac,9c:4f:5f:4c:36:04,"rtt-magic",5745,16,
2024-02-23,17-46-01.237,0.5,14.526,0.146,14,31,-66,1,-60,1,5745,5775,0,80,11ac,9c:4f:5f:4c:36:04,"rtt-magic",5745,16,
2024-02-23,17-46-01.399,0.5,14.598,0.178,14,31,-66,1,-60,1,5745,5775,0,80,11ac,9c:4f:5f:4c:36:04,"rtt-magic",5745,16,
2024-02-23,17-46-01.571,0.5,14.56,0.19,8,31,-66,1,-60,1,5745,5775,0,80,11ac,9c:4f:5f:4c:36:04,"rtt-magic",5745,16,
2024-02-23,17-46-01.738,0.5,14.521,0.157,13,31,-66,1,-60,1,5745,5775,0,80,11ac,9c:4f:5f:4c:36:04,"rtt-magic",5745,16,
2024-02-23,17-46-01.901,0.5,14.524,0.181,8,31,-66,1,-60,1,5745,5775,0,80,11ac,9c:4f:5f:4c:36:04,"rtt-magic",5745,16,
2024-02-23,17-46-02.088,0.5,14.595,0.101,12,31,-66,1,-60,1,5745,5775,0,80,11ac,9c:4f:5f:4c:36:04,"rtt-magic",5745,16,
2024-02-23,17-46-02.260,0.5,14.486,0.132,12,31,-66,1,-60,1,5745,5775,0,80,11ac,9c:4f:5f:4c:36:04,"rtt-magic",5745,16,
2024-02-23,17-46-02.432,0.5,14.58,0.203,11,31,-66,1,-60,1,5745,5775,0,80,11ac,9c:4f:5f:4c:36:04,"rtt-magic",5745,16,
2024-02-23,17-46-02.594,0.5,14.528,0.116,9,31,-66,1,-60,1,5745,5775,0,80,11ac,9c:4f:5f:4c:36:04,"rtt-magic",5745,16,
2024-02-23,17-46-02.760,0.5,14.644,0.119,11,31,-67,1,-60,1,5745,5775,0,80,11ac,9c:4f:5f:4c:36:04,"rtt-magic",5745,16,
2024-02-23,17-46-02.931,0.5,14.548,0.158,10,31,-66,1,-60,1,5745,5775,0,80,11ac,9c:4f:5f:4c:36:04,"rtt-magic",5745,16,
2024-02-23,17-46-03.094,0.5,14.598,0.196,14,31,-66,1,-60,1,5745,5775,0,80,11ac,9c:4f:5f:4c:36:04,"rtt-magic",5745,16,
2024-02-23,17-46-03.236,0.5,14.507,0.15,8,31,-67,1,-60,1,5745,5775,0,80,11ac,9c:4f:5f:4c:36:04,"rtt-magic",5745,16,
2024-02-23,17-46-03.393,0.5,14.535,0.15,8,31,-66,1,-60,1,5745,5775,0,80,11ac,9c:4f:5f:4c:36:04,"rtt-magic",5745,16,
2024-02-23,17-46-03.572,0.5,14.545,0.166,11,31,-66,1,-60,1,5745,5775,0,80,11ac,9c:4f:5f:4c:36:04,"rtt-magic",5745,16,
2024-02-23,17-46-03.736,0.5,14.492,0.141,9,31,-66,1,-60,1,5745,5775,0,80,11ac,9c:4f:5f:4c:36:04,"rtt-magic",5745,16,
2024-02-23,17-46-03.898,0.5,14.492,0.142,11,31,-66,1,-60,1,5745,5775,0,80,11ac,9c:4f:5f:4c:36:04,"rtt-magic",5745,16,
2024-02-23,17-46-04.078,0.5,14.523,0.193,11,31,-66,1,-60,1,5745,5775,0,80,11ac,9c:4f:5f:4c:36:04,"rtt-magic",5745,16,
2024-02-23,17-46-04.248,0.5,14.65,0.076,11,31,-66,1,-60,1,5745,5775,0,80,11ac,9c:4f:5f:4c:36:04,"rtt-magic",5745,16,
2024-02-23,17-46-04.448,0.5,14.597,0.061,7,31,-66,1,-60,1,5745,5775,0,80,11ac,9c:4f:5f:4c:36:04,"rtt-magic",5745,16,
2024-02-23,17-46-04.602,0.5,14.511,0.144,11,31,-66,1,-60,1,5745,5775,0,80,11ac,9c:4f:5f:4c:36:04,"rtt-magic",5745,16,
2024-02-23,17-46-04.784,0.5,14.513,0.166,14,31,-66,1,-60,1,5745,5775,0,80,11ac,9c:4f:5f:4c:36:04,"rtt-magic",5745,16,
2024-02-23,17-46-04.946,0.5,14.602,0.084,9,31,-66,1,-60,1,5745,5775,0,80,11ac,9c:4f:5f:4c:36:04,"rtt-magic",5745,16,
2024-02-23,17-46-05.112,0.5,14.589,0.06,9,31,-66,1,-60,1,5745,5775,0,80,11ac,9c:4f:5f:4c:36:04,"rtt-magic",5745,16,
2024-02-23,17-46-05.299,0.5,14.559,0.162,11,31,-66,1,-60,1,5745,5775,0,80,11ac,9c:4f:5f:4c:36:04,"rtt-magic",5745,16,
2024-02-23,17-46-05.483,0.5,14.503,0.123,8,31,-66,1,-60,1,5745,5775,0,80,11ac,9c:4f:5f:4c:36:04,"rtt-magic",5745,16,
2024-02-23,17-46-05.647,0.5,14.596,0.168,12,31,-66,1,-60,1,5745,5775,0,80,11ac,9c:4f:5f:4c:36:04,"rtt-magic",5745,16,
2024-02-23,17-46-05.805,0.5,14.61,0.085,10,31,-66,1,-60,1,5745,5775,0,80,11ac,9c:4f:5f:4c:36:04,"rtt-magic",5745,16,
2024-02-23,17-46-05.974,0.5,14.632,0.082,10,31,-66,1,-60,1,5745,5775,0,80,11ac,9c:4f:5f:4c:36:04,"rtt-magic",5745,16,
2024-02-23,17-46-06.145,0.5,14.517,0.143,5,31,-66,1,-60,1,5745,5775,0,80,11ac,9c:4f:5f:4c:36:04,"rtt-magic",5745,16,
2024-02-23,17-46-06.316,0.5,14.64,0.074,6,31,-66,1,-60,1,5745,5775,0,80,11ac,9c:4f:5f:4c:36:04,"rtt-magic",5745,16,
2024-02-23,17-46-06.487,0.5,14.566,0.131,12,31,-66,1,-60,1,5745,5775,0,80,11ac,9c:4f:5f:4c:36:04,"rtt-magic",5745,16,
2024-02-23,17-46-06.651,0.5,14.611,0.134,13,31,-66,1,-60,1,5745,5775,0,80,11ac,9c:4f:5f:4c:36:04,"rtt-magic",5745,16,
2024-02-23,17-46-06.820,0.5,14.558,0.075,12,31,-67,1,-60,1,5745,5775,0,80,11ac,9c:4f:5f:4c:36:04,"rtt-magic",5745,16,
2024-02-23,17-46-06.993,0.5,14.487,0.173,13,31,-66,1,-60,1,5745,5775,0,80,11ac,9c:4f:5f:4c:36:04,"rtt-magic",5745,16,
2024-02-23,17-46-07.171,0.5,14.581,0.11,10,31,-66,1,-60,1,5745,5775,0,80,11ac,9c:4f:5f:4c:36:04,"rtt-magic",5745,16,
2024-02-23,17-46-07.329,0.5,14.53,0.159,10,31,-66,1,-60,1,5745,5775,0,80,11ac,9c:4f:5f:4c:36:04,"rtt-magic",5745,16,
2024-02-23,17-46-07.509,0.5,14.527,0.141,10,31,-66,1,-60,1,5745,5775,0,80,11ac,9c:4f:5f:4c:36:04,"rtt-magic",5745,16,
2024-02-23,17-46-07.673,0.5,14.528,0.177,13,31,-66,1,-60,1,5745,5775,0,80,11ac,9c:4f:5f:4c:36:04,"rtt-magic",5745,16,
2024-02-23,17-46-07.841,0.5,14.553,0.188,11,31,-66,1,-60,1,5745,5775,0,80,11ac,9c:4f:5f:4c:36:04,"rtt-magic",5745,16,
2024-02-23,17-46-08.012,0.5,14.603,0.113,9,31,-66,1,-60,1,5745,5775,0,80,11ac,9c:4f:5f:4c:36:04,"rtt-magic",5745,16,
2024-02-23,17-46-08.185,0.5,14.515,0.132,9,31,-66,1,-60,1,5745,5775,0,80,11ac,9c:4f:5f:4c:36:04,"rtt-magic",5745,16,
2024-02-23,17-46-08.344,0.5,14.552,0.135,10,31,-66,1,-60,1,5745,5775,0,80,11ac,9c:4f:5f:4c:36:04,"rtt-magic",5745,16,
2024-02-23,17-46-08.509,0.5,14.594,0.09,11,31,-66,1,-60,1,5745,5775,0,80,11ac,9c:4f:5f:4c:36:04,"rtt-magic",5745,16,
2024-02-23,17-46-08.671,0.5,14.587,0.153,10,31,-66,1,-60,1,5745,5775,0,80,11ac,9c:4f:5f:4c:36:04,"rtt-magic",5745,16,
2024-02-23,17-46-08.833,0.5,14.615,0.191,11,31,-66,1,-60,1,5745,5775,0,80,11ac,9c:4f:5f:4c:36:04,"rtt-magic",5745,16,
2024-02-23,17-46-09.008,0.5,14.499,0.075,14,31,-66,1,-60,1,5745,5775,0,80,11ac,9c:4f:5f:4c:36:04,"rtt-magic",5745,16,
2024-02-23,17-46-09.183,0.5,14.572,0,1,31,-67,1,-60,1,5745,5775,0,80,11ac,9c:4f:5f:4c:36:04,"rtt-magic",5745,16,
2024-02-23,17-46-09.344,0.5,14.632,0.084,6,31,-67,1,-60,1,5745,5775,0,80,11ac,9c:4f:5f:4c:36:04,"rtt-magic",5745,16,
2024-02-23,17-46-09.492,0.5,14.596,0.098,10,31,-66,1,-60,1,5745,5775,0,80,11ac,9c:4f:5f:4c:36:04,"rtt-magic",5745,16,
2024-02-23,17-46-09.655,0.5,14.638,0.116,12,31,-66,1,-60,1,5745,5775,0,80,11ac,9c:4f:5f:4c:36:04,"rtt-magic",5745,16,
2024-02-23,17-46-09.809,0.5,14.403,0.159,10,31,-66,1,-60,1,5745,5775,0,80,11ac,9c:4f:5f:4c:36:04,"rtt-magic",5745,16,
2024-02-23,17-46-09.986,0.5,14.531,0.136,12,31,-66,1,-60,1,5745,5775,0,80,11ac,9c:4f:5f:4c:36:04,"rtt-magic",5745,16,
2024-02-23,17-46-10.168,0.5,14.554,0.128,8,31,-66,1,-60,1,5745,5775,0,80,11ac,9c:4f:5f:4c:36:04,"rtt-magic",5745,16,
2024-02-23,17-46-10.328,0.5,14.703,0.028,8,31,-67,1,-60,1,5745,5775,0,80,11ac,9c:4f:5f:4c:36:04,"rtt-magic",5745,16,
2024-02-23,17-46-10.459,0.5,14.542,0.188,9,31,-67,1,-60,1,5745,5775,0,80,11ac,9c:4f:5f:4c:36:04,"rtt-magic",5745,16,
2024-02-23,17-46-10.602,0.5,14.653,0.071,8,31,-66,1,-60,1,5745,5775,0,80,11ac,9c:4f:5f:4c:36:04,"rtt-magic",5745,16,
2024-02-23,17-46-10.757,0.5,14.578,0.078,7,31,-66,1,-60,1,5745,5775,0,80,11ac,9c:4f:5f:4c:36:04,"rtt-magic",5745,16,
2024-02-23,17-46-10.888,0.5,14.602,0.082,10,31,-67,1,-60,1,5745,5775,0,80,11ac,9c:4f:5f:4c:36:04,"rtt-magic",5745,16,
2024-02-23,17-46-11.031,0.5,14.486,0.13,10,31,-66,1,-60,1,5745,5775,0,80,11ac,9c:4f:5f:4c:36:04,"rtt-magic",5745,16,
2024-02-23,17-46-11.173,0.5,14.542,0.182,8,31,-66,1,-60,1,5745,5775,0,80,11ac,9c:4f:5f:4c:36:04,"rtt-magic",5745,16,
2024-02-23,17-46-11.335,0.5,14.541,0.186,9,31,-66,1,-60,1,5745,5775,0,80,11ac,9c:4f:5f:4c:36:04,"rtt-magic",5745,16,
2024-02-23,17-46-11.495,0.5,14.599,0.105,14,31,-66,1,-60,1,5745,5775,0,80,11ac,9c:4f:5f:4c:36:04,"rtt-magic",5745,16,
2024-02-23,17-46-11.650,0.5,14.467,0.149,11,31,-66,1,-60,1,5745,5775,0,80,11ac,9c:4f:5f:4c:36:04,"rtt-magic",5745,16,
2024-02-23,17-46-11.807,0.5,14.39,0,2,31,-67,1,-60,1,5745,5775,0,80,11ac,9c:4f:5f:4c:36:04,"rtt-magic",5745,16,
2024-02-23,17-46-11.971,0.5,14.647,0.128,10,31,-67,1,-60,1,5745,5775,0,80,11ac,9c:4f:5f:4c:36:04,"rtt-magic",5745,16,
2024-02-23,17-46-12.125,0.5,14.633,0.072,12,31,-67,1,-60,1,5745,5775,0,80,11ac,9c:4f:5f:4c:36:04,"rtt-magic",5745,16,
2024-02-23,17-46-12.304,0.5,14.559,0.161,8,31,-67,1,-60,1,5745,5775,0,80,11ac,9c:4f:5f:4c:36:04,"rtt-magic",5745,16,
2024-02-23,17-46-12.451,0.5,14.6,0.127,12,31,-66,1,-60,1,5745,5775,0,80,11ac,9c:4f:5f:4c:36:04,"rtt-magic",5745,16,
2024-02-23,17-46-12.605,0.5,14.564,0.047,9,31,-66,1,-60,1,5745,5775,0,80,11ac,9c:4f:5f:4c:36:04,"rtt-magic",5745,16,
2024-02-23,17-46-12.764,0.5,14.547,0.199,8,31,-66,1,-60,1,5745,5775,0,80,11ac,9c:4f:5f:4c:36:04,"rtt-magic",5745,16,
2024-02-23,17-46-12.922,0.5,14.573,0.091,9,31,-67,1,-60,1,5745,5775,0,80,11ac,9c:4f:5f:4c:36:04,"rtt-magic",5745,16,
2024-02-23,17-46-13.069,0.5,14.528,0.117,14,31,-66,1,-60,1,5745,5775,0,80,11ac,9c:4f:5f:4c:36:04,"rtt-magic",5745,16,
2024-02-23,17-46-13.241,0.5,14.592,0.123,12,31,-66,1,-60,1,5745,5775,0,80,11ac,9c:4f:5f:4c:36:04,"rtt-magic",5745,16,
2024-02-23,17-46-13.426,0.5,14.646,0.125,14,31,-66,1,-60,1,5745,5775,0,80,11ac,9c:4f:5f:4c:36:04,"rtt-magic",5745,16,
2024-02-23,17-46-13.586,0.5,14.581,0.176,8,31,-66,1,-60,1,5745,5775,0,80,11ac,9c:4f:5f:4c:36:04,"rtt-magic",5745,16,
2024-02-23,17-46-13.750,0.5,14.63,0.108,11,31,-66,1,-60,1,5745,5775,0,80,11ac,9c:4f:5f:4c:36:04,"rtt-magic",5745,16,
2024-02-23,17-46-13.927,0.5,14.415,0.117,6,31,-66,1,-60,1,5745,5775,0,80,11ac,9c:4f:5f:4c:36:04,"rtt-magic",5745,16,
2024-02-23,17-46-14.096,0.5,14.604,0.096,10,31,-66,1,-60,1,5745,5775,0,80,11ac,9c:4f:5f:4c:36:04,"rtt-magic",5745,16,
2024-02-23,17-46-14.248,0.5,14.614,0.092,9,31,-66,1,-60,1,5745,5775,0,80,11ac,9c:4f:5f:4c:36:04,"rtt-magic",5745,16,
2024-02-23,17-46-14.434,0.5,14.593,0.16,12,31,-66,1,-60,1,5745,5775,0,80,11ac,9c:4f:5f:4c:36:04,"rtt-magic",5745,16,
2024-02-23,17-46-14.584,0.5,14.549,0.167,12,31,-66,1,-60,1,5745,5775,0,80,11ac,9c:4f:5f:4c:36:04,"rtt-magic",5745,16,
2024-02-23,17-46-14.751,0.5,14.603,0.13,10,31,-67,1,-60,1,5745,5775,0,80,11ac,9c:4f:5f:4c:36:04,"rtt-magic",5745,16,
2024-02-23,17-46-14.904,0.5,14.508,0.126,12,31,-66,1,-60,1,5745,5775,0,80,11ac,9c:4f:5f:4c:36:04,"rtt-magic",5745,16,
2024-02-23,17-46-15.067,0.5,14.557,0.122,9,31,-66,1,-60,1,5745,5775,0,80,11ac,9c:4f:5f:4c:36:04,"rtt-magic",5745,16,
2024-02-23,17-46-15.227,0.5,14.572,0.153,6,31,-66,1,-60,1,5745,5775,0,80,11ac,9c:4f:5f:4c:36:04,"rtt-magic",5745,16,
2024-02-23,17-46-15.370,0.5,14.627,0.192,12,31,-66,1,-60,1,5745,5775,0,80,11ac,9c:4f:5f:4c:36:04,"rtt-magic",5745,16,
2024-02-23,17-46-15.512,0.5,14.565,0.13,12,31,-66,1,-60,1,5745,5775,0,80,11ac,9c:4f:5f:4c:36:04,"rtt-magic",5745,16,
2024-02-23,17-46-15.694,0.5,14.641,0.058,12,31,-66,1,-60,1,5745,5775,0,80,11ac,9c:4f:5f:4c:36:04,"rtt-magic",5745,16,
2024-02-23,17-46-15.855,0.5,14.603,0.196,12,31,-66,1,-60,1,5745,5775,0,80,11ac,9c:4f:5f:4c:36:04,"rtt-magic",5745,16,
2024-02-23,17-46-16.017,0.5,14.611,0.092,14,31,-66,1,-60,1,5745,5775,0,80,11ac,9c:4f:5f:4c:36:04,"rtt-magic",5745,16,
2024-02-23,17-46-16.175,0.5,14.596,0.242,10,31,-66,1,-60,1,5745,5775,0,80,11ac,9c:4f:5f:4c:36:04,"rtt-magic",5745,16,
2024-02-23,17-46-16.341,0.5,14.624,0.152,11,31,-66,1,-60,1,5745,5775,0,80,11ac,9c:4f:5f:4c:36:04,"rtt-magic",5745,16,
2024-02-23,17-46-16.505,0.5,14.638,0.139,7,31,-67,1,-60,1,5745,5775,0,80,11ac,9c:4f:5f:4c:36:04,"rtt-magic",5745,16,
2024-02-23,17-46-16.665,0.5,14.492,0.198,11,31,-66,1,-60,1,5745,5775,0,80,11ac,9c:4f:5f:4c:36:04,"rtt-magic",5745,16,
2024-02-23,17-46-16.822,0.5,14.483,0.058,4,31,-66,1,-60,1,5745,5775,0,80,11ac,9c:4f:5f:4c:36:04,"rtt-magic",5745,16,
UQ1A.240205.002,Google,Pixel 7a,34,14,REL,23.08.18,230818,release