Date,Time,Truth,Distance,St Dev,Successes,Attempts,RSSI(range),RTT(range),RSSI(scan),RTT(scan),Frequency,CenterFreq0,CenterFreq1,BW,Standard,BSSID,SSID
2024-02-10,10-11-55.744,*,0,0,0,0,0,0,-46,1,5180,5210,0,80,11ac,9c:4f:5f:4c:3a:45,"rttmagic",
2024-02-10,11-11-41.785,0.5,24.289,0,3,31,-78,1,-46,1,5180,5210,0,80,11ac,9c:4f:5f:4c:3a:45,"rttmagic",5180,16,
2024-02-10,11-11-41.910,0.5,24.285,0,2,31,-79,1,-46,1,5180,5210,0,80,11ac,9c:4f:5f:4c:3a:45,"rttmagic",5180,16,
2024-02-10,11-11-42.054,0.5,25.825,0.739,2,31,-79,1,-46,1,5180,5210,0,80,11ac,9c:4f:5f:4c:3a:45,"rttmagic",5180,16,
2024-02-10,11-11-42.189,0.5,24.328,0,4,31,-79,1,-46,1,5180,5210,0,80,11ac,9c:4f:5f:4c:3a:45,"rttmagic",5180,16,
2024-02-10,11-11-42.325,0.5,25.16,0.637,5,31,-78,1,-46,1,5180,5210,0,80,11ac,9c:4f:5f:4c:3a:45,"rttmagic",5180,16,
2024-02-10,11-11-42.455,0.5,25.069,0.711,8,31,-78,1,-46,1,5180,5210,0,80,11ac,9c:4f:5f:4c:3a:45,"rttmagic",5180,16,
2024-02-10,11-11-42.590,0.5,25.078,0.54,9,31,-78,1,-46,1,5180,5210,0,80,11ac,9c:4f:5f:4c:3a:45,"rttmagic",5180,16,
2024-02-10,11-11-42.728,0.5,24.784,0.634,11,31,-78,1,-46,1,5180,5210,0,80,11ac,9c:4f:5f:4c:3a:45,"rttmagic",5180,16,
2024-02-10,11-11-42.875,0.5,25.043,0.679,11,31,-79,1,-46,1,5180,5210,0,80,11ac,9c:4f:5f:4c:3a:45,"rttmagic",5180,16,
2024-02-10,11-11-43.008,0.5,25.23,0.762,6,31,-79,1,-46,1,5180,5210,0,80,11ac,9c:4f:5f:4c:3a:45,"rttmagic",5180,16,
2024-02-10,11-11-43.160,0.5,25.329,0,4,31,-79,1,-46,1,5180,5210,0,80,11ac,9c:4f:5f:4c:3a:45,"rttmagic",5180,16,
2024-02-10,11-11-43.309,0.5,24.367,0,8,31,-79,1,-46,1,5180,5210,0,80,11ac,9c:4f:5f:4c:3a:45,"rttmagic",5180,16,
2024-02-10,11-11-43.451,0.5,25.25,0.652,9,31,-79,1,-46,1,5180,5210,0,80,11ac,9c:4f:5f:4c:3a:45,"rttmagic",5180,16,
2024-02-10,11-11-43.577,0.5,24.931,0.731,9,31,-78,1,-46,1,5180,5210,0,80,11ac,9c:4f:5f:4c:3a:45,"rttmagic",5180,16,
2024-02-10,11-11-43.715,0.5,25.017,0.692,9,31,-78,1,-46,1,5180,5210,0,80,11ac,9c:4f:5f:4c:3a:45,"rttmagic",5180,16,
2024-02-10,11-11-43.858,0.5,24.978,0,4,31,-78,1,-46,1,5180,5210,0,80,11ac,9c:4f:5f:4c:3a:45,"rttmagic",5180,16,
2024-02-10,11-11-43.998,0.5,24.622,0.522,8,31,-78,1,-46,1,5180,5210,0,80,11ac,9c:4f:5f:4c:3a:45,"rttmagic",5180,16,
2024-02-10,11-11-44.179,0.5,24.952,0.663,9,31,-78,1,-46,1,5180,5210,0,80,11ac,9c:4f:5f:4c:3a:45,"rttmagic",5180,16,
2024-02-10,11-11-44.331,0.5,24.769,0.651,6,31,-79,1,-46,1,5180,5210,0,80,11ac,9c:4f:5f:4c:3a:45,"rttmagic",5180,16,
2024-02-10,11-11-44.466,0.5,24.784,0.742,5,31,-79,1,-46,1,5180,5210,0,80,11ac,9c:4f:5f:4c:3a:45,"rttmagic",5180,16,
2024-02-10,11-11-44.612,0.5,25.115,0.641,11,31,-79,1,-46,1,5180,5210,0,80,11ac,9c:4f:5f:4c:3a:45,"rttmagic",5180,16,
2024-02-10,11-11-44.763,0.5,24.956,0.081,11,31,-79,1,-46,1,5180,5210,0,80,11ac,9c:4f:5f:4c:3a:45,"rttmagic",5180,16,
2024-02-10,11-11-44.917,0.5,24.68,0.752,9,31,-79,1,-46,1,5180,5210,0,80,11ac,9c:4f:5f:4c:3a:45,"rttmagic",5180,16,
2024-02-10,11-11-45.055,0.5,25.114,0.645,8,31,-78,1,-46,1,5180,5210,0,80,11ac,9c:4f:5f:4c:3a:45,"rttmagic",5180,16,
2024-02-10,11-11-45.208,0.5,24.51,0.718,6,31,-79,1,-46,1,5180,5210,0,80,11ac,9c:4f:5f:4c:3a:45,"rttmagic",5180,16,
2024-02-10,11-11-45.362,0.5,25.031,0.751,9,31,-79,1,-46,1,5180,5210,0,80,11ac,9c:4f:5f:4c:3a:45,"rttmagic",5180,16,
2024-02-10,11-11-45.520,0.5,24.761,0.764,9,31,-79,1,-46,1,5180,5210,0,80,11ac,9c:4f:5f:4c:3a:45,"rttmagic",5180,16,
2024-02-10,11-11-45.680,0.5,24.59,0.648,9,31,-79,1,-46,1,5180,5210,0,80,11ac,9c:4f:5f:4c:3a:45,"rttmagic",5180,16,
2024-02-10,11-11-45.846,0.5,24.942,0.675,10,31,-79,1,-46,1,5180,5210,0,80,11ac,9c:4f:5f:4c:3a:45,"rttmagic",5180,16,
2024-02-10,11-11-45.986,0.5,24.616,0.517,7,31,-79,1,-46,1,5180,5210,0,80,11ac,9c:4f:5f:4c:3a:45,"rttmagic",5180,16,
2024-02-10,11-11-46.119,0.5,24.924,0.628,8,31,-79,1,-46,1,5180,5210,0,80,11ac,9c:4f:5f:4c:3a:45,"rttmagic",5180,16,
2024-02-10,11-11-46.273,0.5,24.701,0.638,8,31,-79,1,-46,1,5180,5210,0,80,11ac,9c:4f:5f:4c:3a:45,"rttmagic",5180,16,
2024-02-10,11-11-46.440,0.5,25.016,0.572,10,31,-79,1,-46,1,5180,5210,0,80,11ac,9c:4f:5f:4c:3a:45,"rttmagic",5180,16,
2024-02-10,11-11-46.590,0.5,25.085,0.566,12,31,-79,1,-46,1,5180,5210,0,80,11ac,9c:4f:5f:4c:3a:45,"rttmagic",5180,16,
2024-02-10,11-11-46.735,0.5,24.299,0.166,5,31,-79,1,-46,1,5180,5210,0,80,11ac,9c:4f:5f:4c:3a:45,"rttmagic",5180,16,
2024-02-10,11-11-46.872,0.5,24.875,0.781,4,31,-79,1,-46,1,5180,5210,0,80,11ac,9c:4f:5f:4c:3a:45,"rttmagic",5180,16,
2024-02-10,11-11-47.021,0.5,25.189,0.617,10,31,-79,1,-46,1,5180,5210,0,80,11ac,9c:4f:5f:4c:3a:45,"rttmagic",5180,16,
2024-02-10,11-11-47.170,0.5,25.198,0.522,9,31,-79,1,-46,1,5180,5210,0,80,11ac,9c:4f:5f:4c:3a:45,"rttmagic",5180,16,
2024-02-10,11-11-47.306,0.5,24.708,0.634,5,31,-79,1,-46,1,5180,5210,0,80,11ac,9c:4f:5f:4c:3a:45,"rttmagic",5180,16,
2024-02-10,11-11-47.455,0.5,24.846,0.69,8,31,-79,1,-46,1,5180,5210,0,80,11ac,9c:4f:5f:4c:3a:45,"rttmagic",5180,16,
2024-02-10,11-11-47.604,0.5,25.559,0.247,9,31,-79,1,-46,1,5180,5210,0,80,11ac,9c:4f:5f:4c:3a:45,"rttmagic",5180,16,
2024-02-10,11-11-47.755,0.5,25.671,0.063,6,31,-78,1,-46,1,5180,5210,0,80,11ac,9c:4f:5f:4c:3a:45,"rttmagic",5180,16,
2024-02-10,11-11-47.903,0.5,25.097,0.664,9,31,-79,1,-46,1,5180,5210,0,80,11ac,9c:4f:5f:4c:3a:45,"rttmagic",5180,16,
2024-02-10,11-11-48.060,0.5,25.295,0.634,11,31,-79,1,-46,1,5180,5210,0,80,11ac,9c:4f:5f:4c:3a:45,"rttmagic",5180,16,
2024-02-10,11-11-48.202,0.5,24.973,0.732,11,31,-79,1,-46,1,5180,5210,0,80,11ac,9c:4f:5f:4c:3a:45,"rttmagic",5180,16,
2024-02-10,11-11-48.336,0.5,25.446,0,4,31,-79,1,-46,1,5180,5210,0,80,11ac,9c:4f:5f:4c:3a:45,"rttmagic",5180,16,
2024-02-10,11-11-48.475,0.5,24.576,0.561,10,31,-79,1,-46,1,5180,5210,0,80,11ac,9c:4f:5f:4c:3a:45,"rttmagic",5180,16,
2024-02-10,11-11-48.640,0.5,24.645,0.694,10,31,-79,1,-46,1,5180,5210,0,80,11ac,9c:4f:5f:4c:3a:45,"rttmagic",5180,16,
2024-02-10,11-11-48.784,0.5,25.453,0.104,6,31,-79,1,-46,1,5180,5210,0,80,11ac,9c:4f:5f:4c:3a:45,"rttmagic",5180,16,
2024-02-10,11-11-48.925,0.5,24.599,0.58,11,31,-79,1,-46,1,5180,5210,0,80,11ac,9c:4f:5f:4c:3a:45,"rttmagic",5180,16,
2024-02-10,11-11-49.057,0.5,24.547,0.483,8,31,-79,1,-46,1,5180,5210,0,80,11ac,9c:4f:5f:4c:3a:45,"rttmagic",5180,16,
2024-02-10,11-11-49.211,0.5,24.912,0.713,10,31,-79,1,-46,1,5180,5210,0,80,11ac,9c:4f:5f:4c:3a:45,"rttmagic",5180,16,
2024-02-10,11-11-49.362,0.5,24.807,0.576,5,31,-79,1,-46,1,5180,5210,0,80,11ac,9c:4f:5f:4c:3a:45,"rttmagic",5180,16,
2024-02-10,11-11-49.507,0.5,24.862,0.143,9,31,-79,1,-46,1,5180,5210,0,80,11ac,9c:4f:5f:4c:3a:45,"rttmagic",5180,16,
2024-02-10,11-11-49.677,0.5,24.646,0.659,6,31,-79,1,-46,1,5180,5210,0,80,11ac,9c:4f:5f:4c:3a:45,"rttmagic",5180,16,
2024-02-10,11-11-49.838,0.5,24.148,0,3,31,-79,1,-46,1,5180,5210,0,80,11ac,9c:4f:5f:4c:3a:45,"rttmagic",5180,16,
2024-02-10,11-11-49.974,0.5,25.127,0.525,6,31,-79,1,-46,1,5180,5210,0,80,11ac,9c:4f:5f:4c:3a:45,"rttmagic",5180,16,
2024-02-10,11-11-50.122,0.5,24.958,0.722,6,31,-79,1,-46,1,5180,5210,0,80,11ac,9c:4f:5f:4c:3a:45,"rttmagic",5180,16,
2024-02-10,11-11-50.269,0.5,25.098,0.602,9,31,-78,1,-46,1,5180,5210,0,80,11ac,9c:4f:5f:4c:3a:45,"rttmagic",5180,16,
2024-02-10,11-11-50.407,0.5,24.504,0.626,9,31,-79,1,-46,1,5180,5210,0,80,11ac,9c:4f:5f:4c:3a:45,"rttmagic",5180,16,
2024-02-10,11-11-50.569,0.5,25.161,0.7,13,31,-79,1,-46,1,5180,5210,0,80,11ac,9c:4f:5f:4c:3a:45,"rttmagic",5180,16,
2024-02-10,11-11-50.704,0.5,24.474,0.572,8,31,-79,1,-46,1,5180,5210,0,80,11ac,9c:4f:5f:4c:3a:45,"rttmagic",5180,16,
2024-02-10,11-11-50.864,0.5,25.263,0.457,12,31,-79,1,-46,1,5180,5210,0,80,11ac,9c:4f:5f:4c:3a:45,"rttmagic",5180,16,
2024-02-10,11-11-51.026,0.5,24.22,0,5,31,-79,1,-46,1,5180,5210,0,80,11ac,9c:4f:5f:4c:3a:45,"rttmagic",5180,16,
2024-02-10,11-11-51.178,0.5,24.692,0.663,7,31,-79,1,-46,1,5180,5210,0,80,11ac,9c:4f:5f:4c:3a:45,"rttmagic",5180,16,
2024-02-10,11-11-51.342,0.5,24.916,0.747,10,31,-79,1,-46,1,5180,5210,0,80,11ac,9c:4f:5f:4c:3a:45,"rttmagic",5180,16,
2024-02-10,11-11-51.475,0.5,25.98,0.621,4,31,-79,1,-46,1,5180,5210,0,80,11ac,9c:4f:5f:4c:3a:45,"rttmagic",5180,16,
2024-02-10,11-11-51.630,0.5,25.236,0.659,10,31,-79,1,-46,1,5180,5210,0,80,11ac,9c:4f:5f:4c:3a:45,"rttmagic",5180,16,
2024-02-10,11-11-51.786,0.5,24.241,0.097,9,31,-79,1,-46,1,5180,5210,0,80,11ac,9c:4f:5f:4c:3a:45,"rttmagic",5180,16,
2024-02-10,11-11-51.925,0.5,25.184,0.636,9,31,-79,1,-46,1,5180,5210,0,80,11ac,9c:4f:5f:4c:3a:45,"rttmagic",5180,16,
2024-02-10,11-11-52.059,0.5,24.654,0.823,10,31,-79,1,-46,1,5180,5210,0,80,11ac,9c:4f:5f:4c:3a:45,"rttmagic",5180,16,
2024-02-10,11-11-52.202,0.5,24.215,0.079,8,31,-79,1,-46,1,5180,5210,0,80,11ac,9c:4f:5f:4c:3a:45,"rttmagic",5180,16,
2024-02-10,11-11-52.351,0.5,24.37,0.136,7,31,-79,1,-46,1,5180,5210,0,80,11ac,9c:4f:5f:4c:3a:45,"rttmagic",5180,16,
2024-02-10,11-11-52.512,0.5,25.493,0.134,6,31,-79,1,-46,1,5180,5210,0,80,11ac,9c:4f:5f:4c:3a:45,"rttmagic",5180,16,
2024-02-10,11-11-52.655,0.5,25.223,0.521,11,31,-79,1,-46,1,5180,5210,0,80,11ac,9c:4f:5f:4c:3a:45,"rttmagic",5180,16,
2024-02-10,11-11-52.821,0.5,24.144,0.076,6,31,-79,1,-46,1,5180,5210,0,80,11ac,9c:4f:5f:4c:3a:45,"rttmagic",5180,16,
2024-02-10,11-11-52.967,0.5,24.762,0.666,9,31,-79,1,-46,1,5180,5210,0,80,11ac,9c:4f:5f:4c:3a:45,"rttmagic",5180,16,
2024-02-10,11-11-53.116,0.5,24.848,0.738,10,31,-79,1,-46,1,5180,5210,0,80,11ac,9c:4f:5f:4c:3a:45,"rttmagic",5180,16,
2024-02-10,11-11-53.279,0.5,25.074,0.745,7,31,-79,1,-46,1,5180,5210,0,80,11ac,9c:4f:5f:4c:3a:45,"rttmagic",5180,16,
2024-02-10,11-11-53.431,0.5,24.588,0.641,12,31,-79,1,-46,1,5180,5210,0,80,11ac,9c:4f:5f:4c:3a:45,"rttmagic",5180,16,
2024-02-10,11-11-53.584,0.5,24.425,0.586,8,31,-79,1,-46,1,5180,5210,0,80,11ac,9c:4f:5f:4c:3a:45,"rttmagic",5180,16,
2024-02-10,11-11-53.738,0.5,25.653,0,9,31,-79,1,-46,1,5180,5210,0,80,11ac,9c:4f:5f:4c:3a:45,"rttmagic",5180,16,
2024-02-10,11-11-53.890,0.5,25.095,0.537,6,31,-79,1,-46,1,5180,5210,0,80,11ac,9c:4f:5f:4c:3a:45,"rttmagic",5180,16,
2024-02-10,11-11-54.056,0.5,25.42,0.67,5,31,-79,1,-46,1,5180,5210,0,80,11ac,9c:4f:5f:4c:3a:45,"rttmagic",5180,16,
2024-02-10,11-11-54.189,0.5,24.942,0.729,8,31,-79,1,-46,1,5180,5210,0,80,11ac,9c:4f:5f:4c:3a:45,"rttmagic",5180,16,
2024-02-10,11-11-54.332,0.5,24.588,0.615,8,31,-79,1,-46,1,5180,5210,0,80,11ac,9c:4f:5f:4c:3a:45,"rttmagic",5180,16,
2024-02-10,11-11-54.464,0.5,24.685,0.708,8,31,-79,1,-46,1,5180,5210,0,80,11ac,9c:4f:5f:4c:3a:45,"rttmagic",5180,16,
2024-02-10,11-11-54.614,0.5,24.833,0.669,9,31,-79,1,-46,1,5180,5210,0,80,11ac,9c:4f:5f:4c:3a:45,"rttmagic",5180,16,
2024-02-10,11-11-54.782,0.5,24.558,0.497,8,31,-79,1,-46,1,5180,5210,0,80,11ac,9c:4f:5f:4c:3a:45,"rttmagic",5180,16,
2024-02-10,11-11-54.927,0.5,24.489,0.548,11,31,-79,1,-46,1,5180,5210,0,80,11ac,9c:4f:5f:4c:3a:45,"rttmagic",5180,16,
2024-02-10,11-11-55.066,0.5,24.911,0.742,10,31,-79,1,-46,1,5180,5210,0,80,11ac,9c:4f:5f:4c:3a:45,"rttmagic",5180,16,
2024-02-10,11-11-55.215,0.5,25.266,0.677,8,31,-79,1,-46,1,5180,5210,0,80,11ac,9c:4f:5f:4c:3a:45,"rttmagic",5180,16,
2024-02-10,11-11-55.376,0.5,25.217,0.509,8,31,-79,1,-46,1,5180,5210,0,80,11ac,9c:4f:5f:4c:3a:45,"rttmagic",5180,16,
2024-02-10,11-11-55.536,0.5,25.342,0.637,9,31,-79,1,-46,1,5180,5210,0,80,11ac,9c:4f:5f:4c:3a:45,"rttmagic",5180,16,
2024-02-10,11-11-55.693,0.5,24.704,0.697,12,31,-79,1,-46,1,5180,5210,0,80,11ac,9c:4f:5f:4c:3a:45,"rttmagic",5180,16,
2024-02-10,11-11-55.851,0.5,24.948,0.761,6,31,-79,1,-46,1,5180,5210,0,80,11ac,9c:4f:5f:4c:3a:45,"rttmagic",5180,16,
2024-02-10,11-11-56.010,0.5,25.126,0.612,8,31,-79,1,-46,1,5180,5210,0,80,11ac,9c:4f:5f:4c:3a:45,"rttmagic",5180,16,
2024-02-10,11-11-56.150,0.5,24.664,0.535,6,31,-79,1,-46,1,5180,5210,0,80,11ac,9c:4f:5f:4c:3a:45,"rttmagic",5180,16,
2024-02-10,11-11-56.304,0.5,24.821,0.703,10,31,-79,1,-46,1,5180,5210,0,80,11ac,9c:4f:5f:4c:3a:45,"rttmagic",5180,16,
2024-02-10,11-11-56.454,0.5,25.817,0.655,5,31,-79,1,-46,1,5180,5210,0,80,11ac,9c:4f:5f:4c:3a:45,"rttmagic",5180,16,
2024-02-10,11-11-56.608,0.5,24.123,0.028,9,31,-79,1,-46,1,5180,5210,0,80,11ac,9c:4f:5f:4c:3a:45,"rttmagic",5180,16,
2024-02-10,11-11-56.767,0.5,24.563,0.499,5,31,-79,1,-46,1,5180,5210,0,80,11ac,9c:4f:5f:4c:3a:45,"rttmagic",5180,16,
2024-02-10,11-11-56.915,0.5,24.717,0.529,7,31,-79,1,-46,1,5180,5210,0,80,11ac,9c:4f:5f:4c:3a:45,"rttmagic",5180,16,
2024-02-10,11-11-57.069,0.5,25.617,0,6,31,-79,1,-46,1,5180,5210,0,80,11ac,9c:4f:5f:4c:3a:45,"rttmagic",5180,16,
2024-02-10,11-11-57.213,0.5,24.569,0.676,4,31,-79,1,-46,1,5180,5210,0,80,11ac,9c:4f:5f:4c:3a:45,"rttmagic",5180,16,
2024-02-10,11-11-57.366,0.5,24.922,0.607,6,31,-79,1,-46,1,5180,5210,0,80,11ac,9c:4f:5f:4c:3a:45,"rttmagic",5180,16,
2024-02-10,11-11-57.530,0.5,24.694,0.634,7,31,-79,1,-46,1,5180,5210,0,80,11ac,9c:4f:5f:4c:3a:45,"rttmagic",5180,16,
2024-02-10,11-11-57.678,0.5,25.164,0.692,7,31,-79,1,-46,1,5180,5210,0,80,11ac,9c:4f:5f:4c:3a:45,"rttmagic",5180,16,
2024-02-10,11-11-57.839,0.5,24.809,0.657,10,31,-79,1,-46,1,5180,5210,0,80,11ac,9c:4f:5f:4c:3a:45,"rttmagic",5180,16,
2024-02-10,11-11-58.004,0.5,24.926,0.746,4,31,-79,1,-46,1,5180,5210,0,80,11ac,9c:4f:5f:4c:3a:45,"rttmagic",5180,16,
2024-02-10,11-11-58.163,0.5,24.932,0.592,9,31,-79,1,-46,1,5180,5210,0,80,11ac,9c:4f:5f:4c:3a:45,"rttmagic",5180,16,
2024-02-10,11-11-58.330,0.5,24.726,0.728,9,31,-79,1,-46,1,5180,5210,0,80,11ac,9c:4f:5f:4c:3a:45,"rttmagic",5180,16,
2024-02-10,11-11-58.473,0.5,24.987,0.866,4,31,-79,1,-46,1,5180,5210,0,80,11ac,9c:4f:5f:4c:3a:45,"rttmagic",5180,16,
2024-02-10,11-11-58.621,0.5,25.593,0,5,31,-79,1,-46,1,5180,5210,0,80,11ac,9c:4f:5f:4c:3a:45,"rttmagic",5180,16,
2024-02-10,11-11-58.771,0.5,24.235,0.095,6,31,-79,1,-46,1,5180,5210,0,80,11ac,9c:4f:5f:4c:3a:45,"rttmagic",5180,16,
2024-02-10,11-11-58.944,0.5,25.5,0.753,9,31,-79,1,-46,1,5180,5210,0,80,11ac,9c:4f:5f:4c:3a:45,"rttmagic",5180,16,
2024-02-10,11-11-59.092,0.5,25.517,0.63,3,31,-79,1,-46,1,5180,5210,0,80,11ac,9c:4f:5f:4c:3a:45,"rttmagic",5180,16,
2024-02-10,11-11-59.242,0.5,24.679,0.609,6,31,-79,1,-46,1,5180,5210,0,80,11ac,9c:4f:5f:4c:3a:45,"rttmagic",5180,16,
2024-02-10,11-11-59.371,0.5,24.819,0.643,10,31,-79,1,-46,1,5180,5210,0,80,11ac,9c:4f:5f:4c:3a:45,"rttmagic",5180,16,
2024-02-10,11-11-59.494,0.5,25.029,0.807,7,31,-79,1,-46,1,5180,5210,0,80,11ac,9c:4f:5f:4c:3a:45,"rttmagic",5180,16,
2024-02-10,11-11-59.623,0.5,25.565,0,3,31,-79,1,-46,1,5180,5210,0,80,11ac,9c:4f:5f:4c:3a:45,"rttmagic",5180,16,
2024-02-10,11-11-59.774,0.5,24.641,0.744,6,31,-79,1,-46,1,5180,5210,0,80,11ac,9c:4f:5f:4c:3a:45,"rttmagic",5180,16,
2024-02-10,11-11-59.934,0.5,24.946,0.713,9,31,-79,1,-46,1,5180,5210,0,80,11ac,9c:4f:5f:4c:3a:45,"rttmagic",5180,16,
2024-02-10,11-12-00.081,0.5,25.979,0.653,3,31,-79,1,-46,1,5180,5210,0,80,11ac,9c:4f:5f:4c:3a:45,"rttmagic",5180,16,
2024-02-10,11-12-00.222,0.5,25.168,0.785,7,31,-79,1,-46,1,5180,5210,0,80,11ac,9c:4f:5f:4c:3a:45,"rttmagic",5180,16,
2024-02-10,11-12-00.367,0.5,24.931,0.72,4,31,-79,1,-46,1,5180,5210,0,80,11ac,9c:4f:5f:4c:3a:45,"rttmagic",5180,16,
2024-02-10,11-12-00.517,0.5,24.593,0.537,10,31,-79,1,-46,1,5180,5210,0,80,11ac,9c:4f:5f:4c:3a:45,"rttmagic",5180,16,
2024-02-10,11-12-00.666,0.5,25.035,0.731,10,31,-79,1,-46,1,5180,5210,0,80,11ac,9c:4f:5f:4c:3a:45,"rttmagic",5180,16,
2024-02-10,11-12-00.823,0.5,25.168,0.688,9,31,-79,1,-46,1,5180,5210,0,80,11ac,9c:4f:5f:4c:3a:45,"rttmagic",5180,16,
2024-02-10,11-12-00.960,0.5,24.065,0,5,31,-79,1,-46,1,5180,5210,0,80,11ac,9c:4f:5f:4c:3a:45,"rttmagic",5180,16,
2024-02-10,11-12-01.102,0.5,24.51,0.598,4,31,-79,1,-46,1,5180,5210,0,80,11ac,9c:4f:5f:4c:3a:45,"rttmagic",5180,16,
2024-02-10,11-12-01.240,0.5,24.9,0.81,4,31,-79,1,-46,1,5180,5210,0,80,11ac,9c:4f:5f:4c:3a:45,"rttmagic",5180,16,
2024-02-10,11-12-01.392,0.5,24.694,0.615,10,31,-78,1,-46,1,5180,5210,0,80,11ac,9c:4f:5f:4c:3a:45,"rttmagic",5180,16,
2024-02-10,11-12-01.549,0.5,24.565,0.687,12,31,-79,1,-46,1,5180,5210,0,80,11ac,9c:4f:5f:4c:3a:45,"rttmagic",5180,16,
2024-02-10,11-12-01.719,0.5,24.525,0.604,8,31,-78,1,-46,1,5180,5210,0,80,11ac,9c:4f:5f:4c:3a:45,"rttmagic",5180,16,
2024-02-10,11-12-01.865,0.5,24.457,0.544,9,31,-78,1,-46,1,5180,5210,0,80,11ac,9c:4f:5f:4c:3a:45,"rttmagic",5180,16,
2024-02-10,11-12-02.021,0.5,25.199,0.765,6,31,-78,1,-46,1,5180,5210,0,80,11ac,9c:4f:5f:4c:3a:45,"rttmagic",5180,16,
2024-02-10,11-12-02.161,0.5,24.195,0.108,5,31,-78,1,-46,1,5180,5210,0,80,11ac,9c:4f:5f:4c:3a:45,"rttmagic",5180,16,
2024-02-10,11-12-02.300,0.5,24.958,0.805,9,31,-78,1,-46,1,5180,5210,0,80,11ac,9c:4f:5f:4c:3a:45,"rttmagic",5180,16,
2024-02-10,11-12-02.449,0.5,25.06,0.791,9,31,-78,1,-46,1,5180,5210,0,80,11ac,9c:4f:5f:4c:3a:45,"rttmagic",5180,16,
2024-02-10,11-12-02.584,0.5,24.952,0.734,6,31,-79,1,-46,1,5180,5210,0,80,11ac,9c:4f:5f:4c:3a:45,"rttmagic",5180,16,
2024-02-10,11-12-02.727,0.5,24.771,0.621,6,31,-78,1,-46,1,5180,5210,0,80,11ac,9c:4f:5f:4c:3a:45,"rttmagic",5180,16,
2024-02-10,11-12-02.867,0.5,24.893,0.735,8,31,-78,1,-46,1,5180,5210,0,80,11ac,9c:4f:5f:4c:3a:45,"rttmagic",5180,16,
2024-02-10,11-12-03.005,0.5,24.505,0.498,11,31,-78,1,-46,1,5180,5210,0,80,11ac,9c:4f:5f:4c:3a:45,"rttmagic",5180,16,
2024-02-10,11-12-03.147,0.5,24.957,0.632,8,31,-78,1,-46,1,5180,5210,0,80,11ac,9c:4f:5f:4c:3a:45,"rttmagic",5180,16,
2024-02-10,11-12-03.301,0.5,24.256,0,2,31,-79,1,-46,1,5180,5210,0,80,11ac,9c:4f:5f:4c:3a:45,"rttmagic",5180,16,
2024-02-10,11-12-03.450,0.5,25.081,0.662,5,31,-78,1,-46,1,5180,5210,0,80,11ac,9c:4f:5f:4c:3a:45,"rttmagic",5180,16,
2024-02-10,11-12-03.601,0.5,25.681,0,3,31,-79,1,-46,1,5180,5210,0,80,11ac,9c:4f:5f:4c:3a:45,"rttmagic",5180,16,
2024-02-10,11-12-03.751,0.5,25.048,0.566,6,31,-79,1,-46,1,5180,5210,0,80,11ac,9c:4f:5f:4c:3a:45,"rttmagic",5180,16,
2024-02-10,11-12-03.879,0.5,25.163,0.637,6,31,-79,1,-46,1,5180,5210,0,80,11ac,9c:4f:5f:4c:3a:45,"rttmagic",5180,16,
2024-02-10,11-12-04.018,0.5,25.099,0.647,4,31,-78,1,-46,1,5180,5210,0,80,11ac,9c:4f:5f:4c:3a:45,"rttmagic",5180,16,
2024-02-10,11-12-04.176,0.5,24.843,0.625,10,31,-78,1,-46,1,5180,5210,0,80,11ac,9c:4f:5f:4c:3a:45,"rttmagic",5180,16,
2024-02-10,11-12-04.336,0.5,24.833,0.618,11,31,-79,1,-46,1,5180,5210,0,80,11ac,9c:4f:5f:4c:3a:45,"rttmagic",5180,16,
2024-02-10,11-12-04.485,0.5,24.299,0.066,6,31,-79,1,-46,1,5180,5210,0,80,11ac,9c:4f:5f:4c:3a:45,"rttmagic",5180,16,
2024-02-10,11-12-04.633,0.5,25.153,0.678,8,31,-79,1,-46,1,5180,5210,0,80,11ac,9c:4f:5f:4c:3a:45,"rttmagic",5180,16,
2024-02-10,11-12-04.803,0.5,25.027,0.669,9,31,-79,1,-46,1,5180,5210,0,80,11ac,9c:4f:5f:4c:3a:45,"rttmagic",5180,16,
2024-02-10,11-12-04.976,0.5,25.001,0.683,12,31,-78,1,-46,1,5180,5210,0,80,11ac,9c:4f:5f:4c:3a:45,"rttmagic",5180,16,
2024-02-10,11-12-05.115,0.5,25.069,0.667,7,31,-78,1,-46,1,5180,5210,0,80,11ac,9c:4f:5f:4c:3a:45,"rttmagic",5180,16,
2024-02-10,11-12-05.269,0.5,25.032,0.073,6,31,-78,1,-46,1,5180,5210,0,80,11ac,9c:4f:5f:4c:3a:45,"rttmagic",5180,16,
2024-02-10,11-12-05.425,0.5,24.986,0.628,7,31,-79,1,-46,1,5180,5210,0,80,11ac,9c:4f:5f:4c:3a:45,"rttmagic",5180,16,
2024-02-10,11-12-05.585,0.5,24.978,0.704,9,31,-79,1,-46,1,5180,5210,0,80,11ac,9c:4f:5f:4c:3a:45,"rttmagic",5180,16,
2024-02-10,11-12-05.725,0.5,24.843,0.808,5,31,-79,1,-46,1,5180,5210,0,80,11ac,9c:4f:5f:4c:3a:45,"rttmagic",5180,16,
2024-02-10,10-11-55.743,*,0,0,0,0,0,0,-46,1,5180,5210,0,80,11ac,9c:4f:5f:4c:3a:45,"rttmagic",
2024-02-10,11-12-06.023,0.5,24.715,0.749,7,31,-79,1,-46,1,5180,5210,0,80,11ac,9c:4f:5f:4c:3a:45,"rttmagic",5180,16,
2024-02-10,11-12-06.180,0.5,24.623,0.551,8,31,-79,1,-46,1,5180,5210,0,80,11ac,9c:4f:5f:4c:3a:45,"rttmagic",5180,16,
2024-02-10,11-12-06.322,0.5,25.056,0.635,6,31,-79,1,-46,1,5180,5210,0,80,11ac,9c:4f:5f:4c:3a:45,"rttmagic",5180,16,
2024-02-10,11-12-06.498,0.5,24.826,0.621,9,31,-79,1,-46,1,5180,5210,0,80,11ac,9c:4f:5f:4c:3a:45,"rttmagic",5180,16,
2024-02-10,11-12-06.633,0.5,24.608,0.656,5,31,-79,1,-46,1,5180,5210,0,80,11ac,9c:4f:5f:4c:3a:45,"rttmagic",5180,16,
2024-02-10,11-12-06.787,0.5,24.597,0.448,8,31,-79,1,-46,1,5180,5210,0,80,11ac,9c:4f:5f:4c:3a:45,"rttmagic",5180,16,
2024-02-10,11-12-06.927,0.5,25.682,0,6,31,-78,1,-46,1,5180,5210,0,80,11ac,9c:4f:5f:4c:3a:45,"rttmagic",5180,16,
2024-02-10,11-12-07.098,0.5,25.235,0.593,6,31,-78,1,-46,1,5180,5210,0,80,11ac,9c:4f:5f:4c:3a:45,"rttmagic",5180,16,
2024-02-10,11-12-07.258,0.5,24.95,0.551,9,31,-78,1,-46,1,5180,5210,0,80,11ac,9c:4f:5f:4c:3a:45,"rttmagic",5180,16,
2024-02-10,11-12-07.393,0.5,25.184,0.63,10,31,-79,1,-46,1,5180,5210,0,80,11ac,9c:4f:5f:4c:3a:45,"rttmagic",5180,16,
2024-02-10,11-12-07.555,0.5,25.249,0.568,11,31,-79,1,-46,1,5180,5210,0,80,11ac,9c:4f:5f:4c:3a:45,"rttmagic",5180,16,
2024-02-10,11-12-07.707,0.5,24.87,0.645,14,31,-79,1,-46,1,5180,5210,0,80,11ac,9c:4f:5f:4c:3a:45,"rttmagic",5180,16,
2024-02-10,11-12-07.870,0.5,25.313,0.558,10,31,-79,1,-46,1,5180,5210,0,80,11ac,9c:4f:5f:4c:3a:45,"rttmagic",5180,16,
2024-02-10,11-12-08.033,0.5,25.297,0.559,6,31,-78,1,-46,1,5180,5210,0,80,11ac,9c:4f:5f:4c:3a:45,"rttmagic",5180,16,
2024-02-10,11-12-08.181,0.5,24.856,0.571,14,31,-79,1,-46,1,5180,5210,0,80,11ac,9c:4f:5f:4c:3a:45,"rttmagic",5180,16,
2024-02-10,11-12-08.327,0.5,24.905,0.649,11,31,-79,1,-46,1,5180,5210,0,80,11ac,9c:4f:5f:4c:3a:45,"rttmagic",5180,16,
2024-02-10,11-12-08.484,0.5,25.047,0.54,13,31,-79,1,-46,1,5180,5210,0,80,11ac,9c:4f:5f:4c:3a:45,"rttmagic",5180,16,
2024-02-10,11-12-08.650,0.5,25.187,0.483,12,31,-79,1,-46,1,5180,5210,0,80,11ac,9c:4f:5f:4c:3a:45,"rttmagic",5180,16,
2024-02-10,11-12-08.814,0.5,25.127,0.554,11,31,-79,1,-46,1,5180,5210,0,80,11ac,9c:4f:5f:4c:3a:45,"rttmagic",5180,16,
2024-02-10,11-12-08.979,0.5,25.078,0.638,11,31,-79,1,-46,1,5180,5210,0,80,11ac,9c:4f:5f:4c:3a:45,"rttmagic",5180,16,
2024-02-10,11-12-09.140,0.5,25.423,0.124,9,31,-79,1,-46,1,5180,5210,0,80,11ac,9c:4f:5f:4c:3a:45,"rttmagic",5180,16,
2024-02-10,11-12-09.296,0.5,24.667,0.621,8,31,-79,1,-46,1,5180,5210,0,80,11ac,9c:4f:5f:4c:3a:45,"rttmagic",5180,16,
2024-02-10,11-12-09.467,0.5,25.029,0.662,10,31,-79,1,-46,1,5180,5210,0,80,11ac,9c:4f:5f:4c:3a:45,"rttmagic",5180,16,
2024-02-10,11-12-09.639,0.5,24.677,0.595,6,31,-79,1,-46,1,5180,5210,0,80,11ac,9c:4f:5f:4c:3a:45,"rttmagic",5180,16,
2024-02-10,11-12-09.800,0.5,24.797,0.468,11,31,-79,1,-46,1,5180,5210,0,80,11ac,9c:4f:5f:4c:3a:45,"rttmagic",5180,16,
2024-02-10,11-12-09.951,0.5,24.754,0.616,9,31,-79,1,-46,1,5180,5210,0,80,11ac,9c:4f:5f:4c:3a:45,"rttmagic",5180,16,
2024-02-10,11-12-10.125,0.5,25.006,0.651,10,31,-79,1,-46,1,5180,5210,0,80,11ac,9c:4f:5f:4c:3a:45,"rttmagic",5180,16,
2024-02-10,11-12-10.263,0.5,25.086,0.502,9,31,-79,1,-46,1,5180,5210,0,80,11ac,9c:4f:5f:4c:3a:45,"rttmagic",5180,16,
2024-02-10,11-12-10.434,0.5,24.69,0.552,10,31,-79,1,-46,1,5180,5210,0,80,11ac,9c:4f:5f:4c:3a:45,"rttmagic",5180,16,
2024-02-10,11-12-10.595,0.5,24.572,0.372,9,31,-79,1,-46,1,5180,5210,0,80,11ac,9c:4f:5f:4c:3a:45,"rttmagic",5180,16,
2024-02-10,11-12-10.749,0.5,24.783,0.545,10,31,-79,1,-46,1,5180,5210,0,80,11ac,9c:4f:5f:4c:3a:45,"rttmagic",5180,16,
2024-02-10,11-12-10.912,0.5,25.33,0.593,13,31,-79,1,-46,1,5180,5210,0,80,11ac,9c:4f:5f:4c:3a:45,"rttmagic",5180,16,
2024-02-10,11-12-11.068,0.5,25.08,0.587,3,31,-79,1,-46,1,5180,5210,0,80,11ac,9c:4f:5f:4c:3a:45,"rttmagic",5180,16,
2024-02-10,11-12-11.213,0.5,24.285,0.135,7,31,-79,1,-46,1,5180,5210,0,80,11ac,9c:4f:5f:4c:3a:45,"rttmagic",5180,16,
2024-02-10,11-12-11.383,0.5,24.862,0.649,7,31,-79,1,-46,1,5180,5210,0,80,11ac,9c:4f:5f:4c:3a:45,"rttmagic",5180,16,
2024-02-10,11-12-11.562,0.5,24.654,0.416,14,31,-79,1,-46,1,5180,5210,0,80,11ac,9c:4f:5f:4c:3a:45,"rttmagic",5180,16,
2024-02-10,11-12-11.726,0.5,24.669,0.631,11,31,-79,1,-46,1,5180,5210,0,80,11ac,9c:4f:5f:4c:3a:45,"rttmagic",5180,16,
2024-02-10,11-12-11.885,0.5,25.061,0.609,8,31,-79,1,-46,1,5180,5210,0,80,11ac,9c:4f:5f:4c:3a:45,"rttmagic",5180,16,
2024-02-10,11-12-12.044,0.5,24.645,0.491,6,31,-79,1,-46,1,5180,5210,0,80,11ac,9c:4f:5f:4c:3a:45,"rttmagic",5180,16,
2024-02-10,11-12-12.193,0.5,24.989,0.568,11,31,-79,1,-46,1,5180,5210,0,80,11ac,9c:4f:5f:4c:3a:45,"rttmagic",5180,16,
2024-02-10,11-12-12.340,0.5,25.121,0.618,11,31,-78,1,-46,1,5180,5210,0,80,11ac,9c:4f:5f:4c:3a:45,"rttmagic",5180,16,
2024-02-10,11-12-12.507,0.5,24.211,0.114,7,31,-79,1,-46,1,5180,5210,0,80,11ac,9c:4f:5f:4c:3a:45,"rttmagic",5180,16,
2024-02-10,11-12-12.666,0.5,25.109,0.763,12,31,-79,1,-46,1,5180,5210,0,80,11ac,9c:4f:5f:4c:3a:45,"rttmagic",5180,16,
2024-02-10,11-12-12.816,0.5,25.313,0.853,9,31,-78,1,-46,1,5180,5210,0,80,11ac,9c:4f:5f:4c:3a:45,"rttmagic",5180,16,
2024-02-10,11-12-12.962,0.5,26.111,0.161,2,31,-79,1,-46,1,5180,5210,0,80,11ac,9c:4f:5f:4c:3a:45,"rttmagic",5180,16,
2024-02-10,11-12-13.101,0.5,24.231,0.079,5,31,-79,1,-46,1,5180,5210,0,80,11ac,9c:4f:5f:4c:3a:45,"rttmagic",5180,16,
2024-02-10,11-12-13.236,0.5,25.108,0.52,8,31,-79,1,-46,1,5180,5210,0,80,11ac,9c:4f:5f:4c:3a:45,"rttmagic",5180,16,
UQ1A.240105.004,Google,Pixel 7a,34,14,REL,23.08.18,230818,release